Name,Age,Overall,Potential,Value,Wage,Special,International Reputation,Weak Foot,Skill Moves,Crossing,Finishing,HeadingAccuracy,ShortPassing,Volleys,Dribbling,Curve,FKAccuracy,LongPassing,BallControl,Acceleration,SprintSpeed,Agility,Reactions,Balance,ShotPower,Jumping,Stamina,Strength,LongShots,Aggression,Interceptions,Positioning,Vision,Penalties,Marking,StandingTackle,SlidingTackle,GKDiving,GKHandling,GKKicking,GKPositioning,GKReflexes
L. Messi,31,94,94,110500000.0,565.0,2202,5.0,4.0,4.0,84.0,95.0,70.0,90.0,86.0,97.0,93.0,94.0,87.0,96.0,91.0,86.0,91.0,95.0,95.0,85.0,68.0,72.0,59.0,94.0,48.0,22.0,94.0,94.0,75.0,33.0,28.0,26.0,6.0,11.0,15.0,14.0,8.0
Cristiano Ronaldo,33,94,94,77000000.0,405.0,2228,5.0,4.0,5.0,84.0,94.0,89.0,81.0,87.0,88.0,81.0,76.0,77.0,94.0,89.0,91.0,87.0,96.0,70.0,95.0,95.0,88.0,79.0,93.0,63.0,29.0,95.0,82.0,85.0,28.0,31.0,23.0,7.0,11.0,15.0,14.0,11.0
Neymar Jr,26,92,93,118500000.0,290.0,2143,5.0,5.0,5.0,79.0,87.0,62.0,84.0,84.0,96.0,88.0,87.0,78.0,95.0,94.0,90.0,96.0,94.0,84.0,80.0,61.0,81.0,49.0,82.0,56.0,36.0,89.0,87.0,81.0,27.0,24.0,33.0,9.0,9.0,15.0,15.0,11.0
De Gea,27,91,93,72000000.0,260.0,1471,4.0,3.0,1.0,17.0,13.0,21.0,50.0,13.0,18.0,21.0,19.0,51.0,42.0,57.0,58.0,60.0,90.0,43.0,31.0,67.0,43.0,64.0,12.0,38.0,30.0,12.0,68.0,40.0,15.0,21.0,13.0,90.0,85.0,87.0,88.0,94.0
K. De Bruyne,27,91,92,102000000.0,355.0,2281,4.0,5.0,4.0,93.0,82.0,55.0,92.0,82.0,86.0,85.0,83.0,91.0,91.0,78.0,76.0,79.0,91.0,77.0,91.0,63.0,90.0,75.0,91.0,76.0,61.0,87.0,94.0,79.0,68.0,58.0,51.0,15.0,13.0,5.0,10.0,13.0
E. Hazard,27,91,91,93000000.0,340.0,2142,4.0,4.0,4.0,81.0,84.0,61.0,89.0,80.0,95.0,83.0,79.0,83.0,94.0,94.0,88.0,95.0,90.0,94.0,82.0,56.0,83.0,66.0,80.0,54.0,41.0,87.0,89.0,86.0,34.0,27.0,22.0,11.0,12.0,6.0,8.0,8.0
L. Modrić,32,91,91,67000000.0,420.0,2280,4.0,4.0,4.0,86.0,72.0,55.0,93.0,76.0,90.0,85.0,78.0,88.0,93.0,80.0,72.0,93.0,90.0,94.0,79.0,68.0,89.0,58.0,82.0,62.0,83.0,79.0,92.0,82.0,60.0,76.0,73.0,13.0,9.0,7.0,14.0,9.0
L. Suárez,31,91,91,80000000.0,455.0,2346,5.0,4.0,3.0,77.0,93.0,77.0,82.0,88.0,87.0,86.0,84.0,64.0,90.0,86.0,75.0,82.0,92.0,83.0,86.0,69.0,90.0,83.0,85.0,87.0,41.0,92.0,84.0,85.0,62.0,45.0,38.0,27.0,25.0,31.0,33.0,37.0
Sergio Ramos,32,91,91,51000000.0,380.0,2201,4.0,3.0,3.0,66.0,60.0,91.0,78.0,66.0,63.0,74.0,72.0,77.0,84.0,76.0,75.0,78.0,85.0,66.0,79.0,93.0,84.0,83.0,59.0,88.0,90.0,60.0,63.0,75.0,87.0,92.0,91.0,11.0,8.0,9.0,7.0,11.0
D. Godín,32,90,90,44000000.0,125.0,1946,3.0,3.0,2.0,55.0,42.0,92.0,79.0,47.0,53.0,49.0,51.0,70.0,76.0,68.0,68.0,58.0,85.0,54.0,67.0,91.0,66.0,88.0,43.0,89.0,88.0,48.0,52.0,50.0,90.0,89.0,89.0,6.0,8.0,15.0,5.0,15.0
David Silva,32,90,90,60000000.0,285.0,2115,4.0,2.0,4.0,84.0,76.0,54.0,93.0,82.0,89.0,82.0,77.0,87.0,94.0,70.0,64.0,92.0,90.0,90.0,72.0,64.0,78.0,52.0,75.0,57.0,50.0,89.0,92.0,75.0,59.0,53.0,29.0,6.0,15.0,7.0,6.0,12.0
J. Oblak,25,90,93,68000000.0,94.0,1331,3.0,3.0,1.0,13.0,11.0,15.0,29.0,13.0,12.0,13.0,14.0,26.0,16.0,43.0,60.0,67.0,86.0,49.0,22.0,76.0,41.0,78.0,12.0,34.0,19.0,11.0,70.0,11.0,27.0,12.0,18.0,86.0,92.0,78.0,88.0,89.0
T. Kroos,28,90,90,76500000.0,355.0,2190,4.0,5.0,3.0,88.0,76.0,54.0,92.0,82.0,81.0,86.0,84.0,93.0,90.0,64.0,62.0,70.0,89.0,71.0,87.0,30.0,75.0,73.0,92.0,60.0,82.0,79.0,86.0,73.0,72.0,79.0,69.0,10.0,11.0,13.0,7.0,10.0
R. Lewandowski,29,90,90,77000000.0,205.0,2152,4.0,4.0,4.0,62.0,91.0,85.0,83.0,89.0,85.0,77.0,86.0,65.0,89.0,77.0,78.0,78.0,90.0,78.0,88.0,84.0,78.0,84.0,84.0,80.0,39.0,91.0,77.0,88.0,34.0,42.0,19.0,15.0,6.0,12.0,8.0,10.0
Sergio Busquets,29,89,89,51500000.0,315.0,2065,4.0,3.0,3.0,62.0,67.0,68.0,89.0,44.0,80.0,66.0,68.0,82.0,88.0,50.0,52.0,66.0,87.0,52.0,61.0,66.0,86.0,77.0,54.0,85.0,87.0,77.0,87.0,60.0,90.0,86.0,80.0,5.0,8.0,13.0,9.0,13.0
G. Chiellini,33,89,89,27000000.0,215.0,1841,4.0,3.0,2.0,58.0,33.0,83.0,59.0,45.0,58.0,60.0,31.0,59.0,57.0,63.0,75.0,54.0,82.0,55.0,78.0,89.0,65.0,89.0,49.0,92.0,88.0,28.0,50.0,50.0,93.0,93.0,90.0,3.0,3.0,2.0,4.0,3.0
S. Agüero,30,89,89,64500000.0,300.0,2107,4.0,4.0,4.0,70.0,93.0,77.0,81.0,85.0,89.0,82.0,73.0,64.0,89.0,88.0,80.0,86.0,90.0,91.0,88.0,81.0,76.0,73.0,83.0,65.0,24.0,92.0,83.0,83.0,30.0,20.0,12.0,13.0,15.0,6.0,11.0,14.0
M. Neuer,32,89,89,38000000.0,130.0,1473,5.0,4.0,1.0,15.0,13.0,25.0,55.0,11.0,30.0,14.0,11.0,59.0,48.0,54.0,60.0,51.0,84.0,35.0,25.0,77.0,43.0,80.0,16.0,29.0,30.0,12.0,70.0,47.0,17.0,10.0,11.0,90.0,86.0,91.0,87.0,87.0
E. Cavani,31,89,89,60000000.0,200.0,2161,4.0,4.0,3.0,70.0,89.0,89.0,78.0,90.0,80.0,77.0,76.0,52.0,82.0,75.0,76.0,77.0,91.0,59.0,87.0,88.0,92.0,78.0,79.0,84.0,48.0,93.0,77.0,85.0,52.0,45.0,39.0,12.0,5.0,13.0,13.0,10.0
H. Kane,24,89,91,83500000.0,205.0,2165,3.0,4.0,3.0,75.0,94.0,85.0,80.0,84.0,80.0,78.0,68.0,82.0,84.0,68.0,72.0,71.0,91.0,71.0,88.0,78.0,89.0,84.0,85.0,76.0,35.0,93.0,80.0,90.0,56.0,36.0,38.0,8.0,10.0,11.0,14.0,11.0
T. Courtois,26,89,90,53500000.0,240.0,1311,4.0,2.0,1.0,14.0,14.0,13.0,33.0,12.0,13.0,19.0,20.0,35.0,23.0,46.0,52.0,61.0,84.0,45.0,36.0,68.0,38.0,70.0,17.0,23.0,15.0,13.0,44.0,27.0,20.0,18.0,16.0,85.0,91.0,72.0,86.0,88.0
M. ter Stegen,26,89,92,58000000.0,240.0,1328,3.0,4.0,1.0,15.0,14.0,11.0,36.0,14.0,17.0,18.0,12.0,42.0,18.0,38.0,50.0,37.0,85.0,43.0,22.0,79.0,35.0,79.0,10.0,43.0,22.0,11.0,69.0,25.0,25.0,13.0,10.0,87.0,85.0,88.0,85.0,90.0
A. Griezmann,27,89,90,78000000.0,145.0,2246,4.0,3.0,4.0,82.0,90.0,84.0,83.0,87.0,88.0,84.0,78.0,76.0,90.0,88.0,85.0,90.0,90.0,80.0,80.0,90.0,83.0,62.0,82.0,69.0,35.0,91.0,83.0,79.0,59.0,47.0,48.0,14.0,8.0,14.0,13.0,14.0
P. Dybala,24,89,94,89000000.0,205.0,2092,3.0,3.0,4.0,82.0,84.0,68.0,87.0,88.0,92.0,88.0,88.0,75.0,92.0,87.0,83.0,91.0,86.0,85.0,82.0,75.0,80.0,65.0,88.0,48.0,32.0,84.0,87.0,86.0,23.0,20.0,20.0,5.0,4.0,4.0,5.0,8.0
N. Kanté,27,89,90,63000000.0,225.0,2189,3.0,3.0,2.0,68.0,65.0,54.0,86.0,56.0,79.0,49.0,49.0,81.0,80.0,82.0,78.0,82.0,93.0,92.0,71.0,77.0,96.0,76.0,69.0,90.0,92.0,71.0,79.0,54.0,90.0,91.0,85.0,15.0,12.0,10.0,7.0,10.0
M. Hummels,29,88,88,46000000.0,160.0,2038,4.0,3.0,3.0,64.0,55.0,87.0,81.0,60.0,68.0,65.0,53.0,85.0,81.0,53.0,64.0,63.0,87.0,60.0,71.0,68.0,66.0,84.0,51.0,69.0,92.0,56.0,79.0,68.0,88.0,90.0,88.0,15.0,6.0,10.0,5.0,6.0
G. Buffon,40,88,88,4000000.0,77.0,1334,4.0,2.0,1.0,13.0,15.0,13.0,37.0,17.0,26.0,20.0,13.0,35.0,28.0,49.0,43.0,55.0,79.0,49.0,39.0,75.0,39.0,69.0,13.0,38.0,28.0,12.0,50.0,22.0,13.0,11.0,11.0,88.0,87.0,74.0,90.0,83.0
S. Handanovič,33,88,88,30000000.0,110.0,1262,3.0,2.0,1.0,12.0,10.0,10.0,36.0,12.0,12.0,12.0,14.0,34.0,16.0,51.0,55.0,47.0,83.0,36.0,22.0,78.0,41.0,71.0,19.0,25.0,22.0,12.0,41.0,23.0,25.0,10.0,13.0,87.0,86.0,69.0,89.0,89.0
Thiago Silva,33,88,88,24000000.0,165.0,2077,4.0,3.0,2.0,60.0,38.0,81.0,80.0,63.0,62.0,61.0,64.0,80.0,80.0,70.0,72.0,68.0,82.0,68.0,71.0,90.0,74.0,82.0,68.0,76.0,89.0,59.0,72.0,60.0,88.0,89.0,85.0,9.0,12.0,5.0,9.0,10.0
G. Higuaín,30,88,88,57000000.0,245.0,1965,4.0,4.0,3.0,68.0,92.0,80.0,75.0,90.0,84.0,74.0,62.0,59.0,85.0,73.0,73.0,75.0,86.0,69.0,86.0,79.0,70.0,85.0,80.0,50.0,20.0,92.0,74.0,70.0,35.0,22.0,18.0,5.0,12.0,7.0,5.0,10.0
H. Lloris,31,88,88,36000000.0,150.0,1335,4.0,1.0,1.0,13.0,10.0,10.0,50.0,11.0,10.0,11.0,10.0,50.0,34.0,65.0,62.0,55.0,85.0,54.0,23.0,74.0,41.0,43.0,14.0,31.0,27.0,10.0,30.0,40.0,29.0,10.0,18.0,88.0,84.0,68.0,83.0,92.0
G. Bale,28,88,88,60000000.0,355.0,2279,4.0,3.0,4.0,87.0,86.0,84.0,85.0,85.0,87.0,90.0,87.0,80.0,85.0,94.0,95.0,82.0,85.0,65.0,92.0,87.0,75.0,80.0,91.0,65.0,59.0,85.0,79.0,76.0,54.0,55.0,52.0,15.0,15.0,11.0,5.0,6.0
Marcelo,30,88,88,43000000.0,285.0,2279,4.0,4.0,5.0,90.0,70.0,75.0,84.0,54.0,90.0,85.0,67.0,76.0,92.0,83.0,82.0,86.0,88.0,86.0,83.0,76.0,91.0,78.0,70.0,84.0,85.0,85.0,82.0,59.0,71.0,85.0,86.0,12.0,5.0,5.0,5.0,9.0
Coutinho,26,88,89,69500000.0,340.0,2175,3.0,4.0,5.0,79.0,79.0,48.0,88.0,75.0,91.0,91.0,86.0,83.0,92.0,89.0,75.0,92.0,83.0,93.0,83.0,59.0,79.0,61.0,93.0,59.0,49.0,84.0,90.0,70.0,55.0,54.0,47.0,12.0,7.0,9.0,14.0,6.0
P. Aubameyang,29,88,88,59000000.0,265.0,2069,3.0,4.0,4.0,77.0,88.0,79.0,77.0,86.0,79.0,80.0,74.0,64.0,82.0,93.0,95.0,76.0,87.0,70.0,82.0,79.0,76.0,76.0,79.0,43.0,48.0,90.0,77.0,76.0,27.0,25.0,36.0,6.0,9.0,15.0,9.0,9.0
C. Eriksen,26,88,91,73500000.0,205.0,2117,3.0,5.0,4.0,88.0,80.0,52.0,91.0,77.0,84.0,86.0,87.0,88.0,91.0,75.0,73.0,79.0,88.0,81.0,84.0,50.0,92.0,58.0,89.0,46.0,56.0,83.0,91.0,67.0,59.0,57.0,22.0,9.0,14.0,7.0,7.0,6.0
Isco,26,88,91,73500000.0,315.0,2137,3.0,3.0,4.0,75.0,79.0,55.0,89.0,65.0,94.0,88.0,76.0,83.0,95.0,75.0,69.0,87.0,77.0,90.0,69.0,64.0,70.0,59.0,87.0,58.0,64.0,78.0,89.0,76.0,60.0,64.0,51.0,10.0,8.0,12.0,15.0,6.0
L. Insigne,27,88,88,62000000.0,165.0,2017,3.0,3.0,4.0,86.0,77.0,56.0,85.0,74.0,90.0,87.0,77.0,78.0,93.0,94.0,86.0,94.0,83.0,93.0,75.0,53.0,75.0,44.0,84.0,34.0,26.0,83.0,87.0,61.0,51.0,24.0,22.0,8.0,4.0,14.0,9.0,10.0
J. Rodríguez,26,88,89,69500000.0,315.0,2171,4.0,3.0,4.0,90.0,83.0,62.0,89.0,90.0,85.0,89.0,86.0,83.0,90.0,73.0,67.0,83.0,85.0,76.0,86.0,54.0,70.0,68.0,92.0,64.0,55.0,80.0,89.0,81.0,52.0,41.0,44.0,15.0,15.0,15.0,5.0,14.0
Casemiro,26,88,90,59500000.0,285.0,2170,3.0,3.0,2.0,52.0,59.0,76.0,85.0,53.0,69.0,59.0,74.0,82.0,78.0,59.0,65.0,62.0,84.0,66.0,86.0,88.0,87.0,89.0,79.0,87.0,87.0,69.0,77.0,66.0,88.0,90.0,87.0,13.0,14.0,16.0,12.0,12.0
M. Salah,26,88,89,69500000.0,255.0,2146,3.0,3.0,4.0,78.0,90.0,59.0,82.0,73.0,89.0,83.0,60.0,72.0,88.0,94.0,91.0,91.0,91.0,88.0,77.0,68.0,84.0,70.0,83.0,63.0,55.0,90.0,82.0,61.0,38.0,43.0,41.0,14.0,14.0,9.0,11.0,14.0
K. Mbappé,19,88,95,81000000.0,100.0,2118,3.0,4.0,5.0,77.0,88.0,77.0,82.0,78.0,90.0,77.0,63.0,73.0,91.0,96.0,96.0,92.0,87.0,83.0,79.0,75.0,83.0,71.0,78.0,62.0,38.0,88.0,82.0,70.0,34.0,34.0,32.0,13.0,5.0,7.0,11.0,6.0
C. Immobile,28,87,87,52000000.0,115.0,2009,3.0,4.0,3.0,55.0,90.0,81.0,74.0,87.0,83.0,70.0,51.0,49.0,83.0,78.0,85.0,77.0,87.0,63.0,86.0,77.0,80.0,76.0,80.0,77.0,40.0,91.0,65.0,78.0,34.0,33.0,32.0,6.0,8.0,15.0,12.0,6.0
Piqué,31,87,87,34000000.0,240.0,1950,4.0,3.0,2.0,57.0,64.0,83.0,81.0,57.0,59.0,58.0,43.0,80.0,78.0,49.0,60.0,58.0,84.0,36.0,62.0,74.0,65.0,83.0,51.0,72.0,88.0,58.0,62.0,69.0,91.0,86.0,84.0,10.0,11.0,14.0,15.0,8.0
I. Rakitić,30,87,87,46500000.0,260.0,2184,4.0,3.0,3.0,84.0,83.0,58.0,87.0,80.0,84.0,88.0,84.0,90.0,87.0,66.0,59.0,72.0,77.0,66.0,84.0,39.0,84.0,66.0,90.0,67.0,75.0,79.0,86.0,82.0,72.0,74.0,70.0,14.0,11.0,12.0,5.0,9.0
M. Hamšík,30,87,87,46500000.0,125.0,2188,3.0,5.0,3.0,78.0,79.0,74.0,88.0,79.0,86.0,80.0,72.0,83.0,87.0,69.0,68.0,76.0,88.0,66.0,82.0,71.0,84.0,67.0,83.0,56.0,72.0,88.0,86.0,70.0,75.0,73.0,62.0,8.0,6.0,4.0,14.0,14.0
J. Vertonghen,31,87,87,34000000.0,155.0,2079,3.0,3.0,3.0,68.0,56.0,80.0,79.0,52.0,71.0,58.0,73.0,74.0,76.0,61.0,65.0,61.0,84.0,60.0,80.0,85.0,75.0,79.0,66.0,84.0,89.0,60.0,68.0,66.0,90.0,87.0,88.0,6.0,10.0,9.0,12.0,7.0
D. Mertens,31,87,87,45000000.0,135.0,2043,3.0,4.0,4.0,77.0,86.0,35.0,82.0,70.0,91.0,82.0,79.0,74.0,89.0,93.0,85.0,94.0,88.0,92.0,80.0,60.0,75.0,42.0,81.0,59.0,36.0,87.0,83.0,79.0,25.0,40.0,40.0,7.0,10.0,8.0,10.0,4.0
Jordi Alba,29,87,87,38000000.0,250.0,2230,3.0,3.0,3.0,87.0,73.0,70.0,84.0,60.0,80.0,80.0,63.0,74.0,84.0,93.0,93.0,90.0,83.0,85.0,64.0,81.0,91.0,61.0,66.0,75.0,84.0,79.0,70.0,59.0,72.0,84.0,85.0,13.0,15.0,13.0,6.0,13.0
R. Lukaku,25,87,89,62500000.0,230.0,2031,3.0,3.0,3.0,78.0,87.0,86.0,77.0,79.0,80.0,74.0,66.0,73.0,72.0,77.0,90.0,60.0,86.0,46.0,88.0,71.0,84.0,94.0,74.0,75.0,27.0,89.0,76.0,78.0,30.0,30.0,30.0,8.0,15.0,14.0,7.0,10.0
K. Navas,31,87,87,30500000.0,195.0,1345,3.0,3.0,1.0,11.0,15.0,11.0,30.0,11.0,16.0,11.0,15.0,37.0,19.0,54.0,53.0,60.0,84.0,61.0,21.0,74.0,39.0,75.0,13.0,32.0,20.0,16.0,68.0,25.0,28.0,14.0,14.0,90.0,81.0,75.0,82.0,90.0
P. Pogba,25,87,91,64000000.0,210.0,2247,4.0,4.0,5.0,80.0,73.0,73.0,86.0,85.0,87.0,84.0,82.0,90.0,90.0,71.0,79.0,74.0,81.0,64.0,90.0,83.0,88.0,89.0,81.0,78.0,66.0,81.0,87.0,81.0,66.0,70.0,68.0,5.0,6.0,2.0,4.0,3.0
K. Koulibaly,27,87,90,51000000.0,115.0,1660,3.0,3.0,2.0,30.0,19.0,81.0,66.0,14.0,66.0,28.0,28.0,56.0,60.0,68.0,75.0,50.0,80.0,40.0,55.0,81.0,71.0,94.0,15.0,87.0,88.0,24.0,43.0,33.0,91.0,88.0,86.0,7.0,11.0,7.0,13.0,5.0
M. Icardi,25,87,90,64500000.0,130.0,1940,3.0,4.0,3.0,46.0,91.0,91.0,73.0,85.0,77.0,58.0,45.0,54.0,81.0,77.0,78.0,76.0,88.0,76.0,84.0,94.0,72.0,76.0,70.0,56.0,22.0,92.0,64.0,82.0,45.0,24.0,20.0,13.0,9.0,5.0,7.0,9.0
S. Umtiti,24,87,92,57000000.0,205.0,2147,3.0,3.0,2.0,69.0,51.0,79.0,81.0,70.0,69.0,72.0,62.0,73.0,77.0,71.0,73.0,68.0,82.0,66.0,83.0,89.0,78.0,84.0,74.0,81.0,87.0,58.0,58.0,61.0,90.0,89.0,86.0,15.0,10.0,14.0,12.0,15.0
Thiago,27,86,86,45500000.0,130.0,2190,3.0,3.0,5.0,72.0,69.0,54.0,90.0,90.0,90.0,85.0,77.0,87.0,90.0,78.0,69.0,90.0,84.0,86.0,75.0,75.0,75.0,59.0,79.0,57.0,78.0,79.0,86.0,75.0,67.0,63.0,65.0,6.0,11.0,7.0,9.0,13.0
Iniesta,34,86,86,21500000.0,21.0,2058,4.0,4.0,4.0,77.0,70.0,54.0,90.0,74.0,90.0,80.0,70.0,85.0,92.0,70.0,67.0,79.0,86.0,84.0,65.0,47.0,55.0,58.0,71.0,58.0,66.0,81.0,93.0,71.0,67.0,57.0,56.0,6.0,13.0,6.0,13.0,7.0
Fernandinho,33,86,86,18000000.0,185.0,2183,3.0,4.0,3.0,68.0,69.0,63.0,85.0,74.0,77.0,70.0,72.0,81.0,82.0,68.0,67.0,72.0,86.0,78.0,83.0,76.0,79.0,76.0,78.0,87.0,88.0,70.0,75.0,61.0,85.0,85.0,80.0,12.0,11.0,5.0,13.0,7.0
M. Özil,29,86,86,43500000.0,190.0,1911,4.0,2.0,4.0,83.0,73.0,54.0,89.0,80.0,84.0,84.0,77.0,82.0,90.0,72.0,69.0,79.0,84.0,70.0,70.0,48.0,69.0,57.0,75.0,48.0,24.0,83.0,91.0,67.0,24.0,16.0,19.0,6.0,14.0,10.0,6.0,14.0
M. Benatia,31,86,86,30000000.0,160.0,1803,3.0,3.0,2.0,45.0,47.0,83.0,65.0,44.0,64.0,34.0,27.0,65.0,64.0,65.0,75.0,59.0,82.0,53.0,66.0,85.0,69.0,91.0,24.0,86.0,86.0,38.0,47.0,41.0,89.0,87.0,85.0,7.0,4.0,8.0,7.0,11.0
M. Pjanić,28,86,86,44000000.0,180.0,2182,3.0,4.0,3.0,80.0,60.0,60.0,89.0,72.0,86.0,86.0,92.0,85.0,89.0,66.0,66.0,77.0,84.0,79.0,78.0,61.0,78.0,66.0,82.0,70.0,78.0,70.0,88.0,79.0,75.0,74.0,70.0,7.0,7.0,13.0,7.0,8.0
T. Alderweireld,29,86,87,39000000.0,150.0,2047,3.0,3.0,2.0,64.0,45.0,82.0,79.0,38.0,62.0,63.0,69.0,85.0,74.0,61.0,66.0,60.0,86.0,50.0,78.0,84.0,74.0,79.0,65.0,80.0,87.0,58.0,67.0,58.0,90.0,91.0,86.0,16.0,6.0,14.0,16.0,14.0
L. Bonucci,31,86,86,30000000.0,160.0,1978,3.0,3.0,2.0,44.0,48.0,86.0,77.0,58.0,69.0,56.0,61.0,85.0,75.0,57.0,65.0,60.0,84.0,52.0,74.0,85.0,71.0,83.0,65.0,82.0,90.0,38.0,74.0,70.0,90.0,86.0,80.0,2.0,2.0,3.0,2.0,4.0
Azpilicueta,28,86,86,35000000.0,175.0,2114,3.0,3.0,2.0,81.0,46.0,76.0,81.0,51.0,69.0,68.0,58.0,80.0,77.0,76.0,76.0,72.0,88.0,73.0,68.0,76.0,87.0,71.0,60.0,82.0,89.0,62.0,74.0,66.0,88.0,90.0,86.0,13.0,9.0,10.0,6.0,5.0
M. Reus,29,86,86,43500000.0,100.0,2172,4.0,4.0,4.0,79.0,87.0,49.0,86.0,90.0,87.0,89.0,84.0,75.0,86.0,86.0,85.0,86.0,87.0,81.0,88.0,70.0,73.0,67.0,86.0,49.0,50.0,88.0,86.0,89.0,47.0,36.0,45.0,12.0,12.0,13.0,13.0,11.0
T. Müller,28,86,86,45000000.0,135.0,2097,4.0,4.0,3.0,79.0,87.0,82.0,83.0,84.0,75.0,81.0,59.0,72.0,82.0,73.0,75.0,75.0,91.0,72.0,78.0,81.0,87.0,68.0,80.0,57.0,58.0,92.0,85.0,60.0,44.0,41.0,44.0,6.0,7.0,11.0,14.0,14.0
Ederson,24,86,90,41500000.0,125.0,1463,2.0,3.0,1.0,20.0,14.0,14.0,56.0,18.0,23.0,15.0,20.0,58.0,37.0,64.0,63.0,60.0,86.0,48.0,42.0,58.0,41.0,68.0,18.0,35.0,25.0,20.0,67.0,17.0,28.0,15.0,8.0,85.0,80.0,91.0,82.0,87.0
Alex Sandro,27,86,86,36500000.0,160.0,2198,3.0,3.0,3.0,84.0,55.0,76.0,81.0,68.0,80.0,78.0,59.0,71.0,81.0,83.0,86.0,79.0,84.0,78.0,80.0,79.0,92.0,79.0,72.0,82.0,82.0,70.0,70.0,60.0,81.0,84.0,84.0,7.0,7.0,9.0,12.0,5.0
M. Verratti,25,86,89,55000000.0,135.0,2149,3.0,4.0,4.0,72.0,60.0,55.0,90.0,64.0,90.0,73.0,64.0,89.0,88.0,69.0,62.0,87.0,85.0,94.0,56.0,64.0,77.0,52.0,58.0,89.0,84.0,71.0,87.0,64.0,78.0,83.0,80.0,12.0,12.0,15.0,15.0,10.0
R. Varane,25,86,91,50000000.0,210.0,1895,3.0,3.0,2.0,36.0,40.0,83.0,75.0,42.0,57.0,46.0,54.0,76.0,77.0,83.0,85.0,63.0,83.0,40.0,52.0,79.0,73.0,84.0,53.0,77.0,82.0,44.0,56.0,43.0,87.0,88.0,87.0,11.0,11.0,9.0,5.0,14.0
Roberto Firmino,26,86,87,53000000.0,195.0,2187,3.0,4.0,4.0,72.0,87.0,77.0,86.0,81.0,87.0,80.0,65.0,75.0,88.0,78.0,77.0,80.0,86.0,81.0,81.0,81.0,90.0,74.0,76.0,73.0,58.0,87.0,85.0,72.0,60.0,64.0,42.0,8.0,11.0,9.0,6.0,10.0
R. Sterling,23,86,89,56500000.0,195.0,2036,3.0,3.0,4.0,77.0,77.0,38.0,84.0,67.0,88.0,70.0,63.0,69.0,87.0,95.0,92.0,93.0,87.0,93.0,73.0,57.0,78.0,52.0,73.0,38.0,30.0,87.0,77.0,69.0,47.0,58.0,54.0,15.0,12.0,12.0,15.0,9.0
V. van Dijk,26,86,88,44500000.0,165.0,2046,3.0,3.0,2.0,53.0,52.0,82.0,76.0,45.0,70.0,60.0,70.0,78.0,73.0,74.0,77.0,61.0,85.0,49.0,81.0,85.0,71.0,92.0,64.0,81.0,86.0,41.0,59.0,62.0,88.0,89.0,84.0,13.0,10.0,13.0,11.0,11.0
S. Mané,26,86,87,52000000.0,195.0,2110,3.0,4.0,4.0,73.0,84.0,62.0,79.0,71.0,87.0,74.0,64.0,71.0,86.0,95.0,93.0,91.0,86.0,86.0,82.0,75.0,84.0,67.0,74.0,73.0,35.0,87.0,82.0,71.0,42.0,42.0,38.0,10.0,10.0,15.0,7.0,14.0
Bernardo Silva,23,86,91,59500000.0,180.0,2039,2.0,3.0,4.0,85.0,75.0,51.0,85.0,69.0,92.0,83.0,67.0,79.0,91.0,84.0,74.0,90.0,82.0,88.0,70.0,50.0,78.0,48.0,72.0,58.0,49.0,83.0,86.0,68.0,49.0,44.0,35.0,9.0,10.0,14.0,12.0,9.0
L. Sané,22,86,92,61000000.0,195.0,2090,2.0,3.0,4.0,83.0,81.0,72.0,79.0,85.0,88.0,82.0,68.0,64.0,85.0,93.0,96.0,88.0,81.0,81.0,86.0,64.0,79.0,70.0,78.0,61.0,34.0,84.0,82.0,71.0,36.0,32.0,35.0,8.0,12.0,9.0,9.0,14.0
Douglas Costa,27,86,86,46500000.0,175.0,2111,3.0,3.0,5.0,84.0,67.0,50.0,84.0,76.0,92.0,84.0,78.0,68.0,91.0,97.0,93.0,93.0,84.0,91.0,86.0,61.0,78.0,63.0,80.0,55.0,48.0,76.0,84.0,77.0,45.0,38.0,34.0,13.0,15.0,9.0,12.0,5.0
E. Džeko,32,85,85,30500000.0,115.0,1931,3.0,5.0,2.0,63.0,89.0,84.0,77.0,77.0,76.0,65.0,54.0,72.0,84.0,65.0,66.0,57.0,83.0,36.0,86.0,66.0,76.0,80.0,79.0,51.0,50.0,89.0,74.0,67.0,58.0,28.0,16.0,9.0,11.0,13.0,15.0,15.0
Diego Costa,29,85,85,38500000.0,100.0,2003,4.0,4.0,2.0,65.0,87.0,82.0,65.0,81.0,77.0,62.0,59.0,52.0,83.0,74.0,76.0,58.0,85.0,53.0,83.0,64.0,76.0,92.0,74.0,93.0,40.0,87.0,74.0,75.0,58.0,39.0,34.0,11.0,13.0,12.0,8.0,11.0
S. Khedira,31,85,85,33000000.0,160.0,2154,3.0,4.0,2.0,72.0,72.0,76.0,85.0,78.0,81.0,68.0,68.0,82.0,84.0,54.0,60.0,55.0,87.0,54.0,82.0,68.0,78.0,87.0,78.0,82.0,86.0,79.0,82.0,69.0,80.0,83.0,76.0,11.0,9.0,5.0,15.0,8.0
I. Perišić,29,85,85,37500000.0,110.0,2199,3.0,5.0,4.0,83.0,79.0,80.0,81.0,81.0,84.0,73.0,75.0,77.0,85.0,84.0,88.0,78.0,81.0,74.0,84.0,84.0,89.0,78.0,79.0,65.0,69.0,85.0,79.0,76.0,64.0,52.0,54.0,6.0,7.0,10.0,9.0,6.0
A. Vidal,31,85,85,26000000.0,205.0,2230,4.0,4.0,3.0,76.0,75.0,82.0,83.0,78.0,76.0,76.0,68.0,79.0,82.0,60.0,55.0,74.0,84.0,75.0,86.0,85.0,83.0,79.0,85.0,93.0,84.0,80.0,80.0,81.0,82.0,87.0,86.0,4.0,2.0,4.0,2.0,4.0
Naldo,35,85,85,9000000.0,38.0,1959,3.0,4.0,2.0,45.0,57.0,94.0,76.0,60.0,60.0,52.0,76.0,70.0,68.0,60.0,65.0,46.0,85.0,36.0,92.0,45.0,61.0,83.0,82.0,72.0,83.0,53.0,59.0,60.0,86.0,88.0,85.0,14.0,10.0,14.0,8.0,14.0
R. Nainggolan,30,85,85,35500000.0,105.0,2278,3.0,3.0,3.0,73.0,75.0,59.0,84.0,75.0,80.0,73.0,68.0,81.0,85.0,78.0,73.0,76.0,87.0,82.0,84.0,76.0,93.0,77.0,86.0,88.0,86.0,86.0,76.0,63.0,83.0,86.0,90.0,11.0,11.0,14.0,8.0,11.0
Pepe,35,85,85,9000000.0,57.0,1832,4.0,3.0,2.0,46.0,46.0,80.0,70.0,23.0,58.0,44.0,47.0,61.0,62.0,65.0,70.0,63.0,83.0,49.0,63.0,76.0,60.0,86.0,56.0,94.0,85.0,40.0,48.0,57.0,86.0,85.0,82.0,8.0,15.0,5.0,9.0,10.0
B. Matuidi,31,85,85,26000000.0,145.0,2196,3.0,2.0,2.0,75.0,64.0,68.0,83.0,72.0,78.0,65.0,52.0,77.0,79.0,79.0,77.0,83.0,84.0,79.0,78.0,84.0,94.0,76.0,70.0,86.0,86.0,72.0,76.0,56.0,85.0,84.0,86.0,8.0,11.0,5.0,10.0,14.0
Miranda,33,85,85,15500000.0,96.0,1879,3.0,3.0,2.0,48.0,43.0,80.0,70.0,51.0,67.0,32.0,39.0,69.0,73.0,66.0,69.0,61.0,81.0,57.0,70.0,82.0,65.0,79.0,41.0,83.0,85.0,43.0,58.0,49.0,90.0,90.0,85.0,12.0,6.0,10.0,13.0,12.0
K. Benzema,30,85,85,37000000.0,240.0,2000,4.0,4.0,4.0,75.0,81.0,80.0,83.0,82.0,83.0,79.0,73.0,62.0,86.0,76.0,76.0,76.0,83.0,66.0,81.0,73.0,75.0,80.0,75.0,65.0,22.0,86.0,85.0,82.0,47.0,15.0,12.0,13.0,11.0,5.0,5.0,7.0
Filipe Luís,32,85,85,21500000.0,81.0,2145,3.0,3.0,3.0,86.0,59.0,72.0,80.0,56.0,77.0,74.0,75.0,77.0,83.0,76.0,75.0,75.0,85.0,62.0,71.0,71.0,89.0,74.0,60.0,81.0,84.0,71.0,70.0,65.0,78.0,84.0,86.0,11.0,15.0,9.0,9.0,5.0
V. Kompany,32,85,85,22000000.0,170.0,1898,4.0,3.0,2.0,61.0,45.0,84.0,73.0,46.0,63.0,61.0,52.0,66.0,70.0,52.0,59.0,57.0,87.0,41.0,75.0,72.0,66.0,87.0,55.0,87.0,82.0,41.0,59.0,63.0,87.0,85.0,84.0,10.0,9.0,5.0,8.0,6.0
Y. Brahimi,28,85,85,39000000.0,28.0,2030,3.0,3.0,4.0,79.0,76.0,46.0,79.0,73.0,93.0,84.0,78.0,72.0,86.0,87.0,75.0,92.0,84.0,87.0,69.0,72.0,85.0,49.0,76.0,46.0,38.0,83.0,79.0,75.0,51.0,36.0,25.0,13.0,16.0,12.0,7.0,7.0
Z. Ibrahimović,36,85,85,14000000.0,15.0,2012,5.0,4.0,5.0,73.0,86.0,83.0,79.0,86.0,79.0,82.0,82.0,73.0,84.0,58.0,59.0,75.0,82.0,39.0,90.0,68.0,61.0,86.0,82.0,84.0,20.0,85.0,79.0,89.0,28.0,37.0,24.0,13.0,15.0,10.0,9.0,12.0
J. Boateng,29,85,85,30000000.0,115.0,1948,4.0,4.0,2.0,69.0,34.0,85.0,75.0,52.0,64.0,53.0,31.0,83.0,70.0,67.0,72.0,56.0,82.0,52.0,78.0,74.0,69.0,91.0,58.0,81.0,81.0,47.0,75.0,46.0,84.0,87.0,87.0,7.0,12.0,15.0,6.0,5.0
A. Sánchez,29,85,85,37500000.0,215.0,2172,4.0,3.0,4.0,77.0,80.0,73.0,77.0,83.0,87.0,79.0,78.0,75.0,86.0,86.0,79.0,90.0,83.0,87.0,84.0,87.0,83.0,72.0,81.0,79.0,46.0,84.0,82.0,77.0,38.0,44.0,35.0,10.0,10.0,15.0,12.0,13.0
N. Fekir,24,85,89,50000000.0,92.0,2102,3.0,3.0,4.0,83.0,82.0,49.0,83.0,77.0,90.0,81.0,79.0,75.0,89.0,79.0,79.0,90.0,80.0,91.0,84.0,69.0,80.0,82.0,82.0,73.0,28.0,81.0,81.0,81.0,31.0,37.0,25.0,15.0,9.0,8.0,14.0,15.0
R. Mahrez,27,85,85,40500000.0,205.0,2031,3.0,4.0,5.0,81.0,80.0,48.0,82.0,72.0,91.0,84.0,78.0,76.0,90.0,88.0,83.0,93.0,77.0,88.0,79.0,61.0,76.0,54.0,81.0,48.0,39.0,80.0,81.0,73.0,45.0,31.0,18.0,15.0,9.0,13.0,11.0,6.0
M. Škriniar,23,85,92,46500000.0,82.0,1800,1.0,4.0,2.0,40.0,42.0,80.0,70.0,40.0,59.0,34.0,30.0,68.0,67.0,70.0,73.0,48.0,81.0,48.0,50.0,78.0,77.0,83.0,30.0,86.0,86.0,30.0,57.0,56.0,92.0,88.0,82.0,10.0,13.0,12.0,8.0,12.0
S. Milinković-Savić,23,85,90,50500000.0,73.0,2206,2.0,4.0,4.0,64.0,80.0,86.0,85.0,74.0,86.0,78.0,75.0,85.0,87.0,68.0,70.0,66.0,80.0,59.0,83.0,85.0,85.0,88.0,80.0,73.0,78.0,79.0,85.0,56.0,75.0,77.0,72.0,7.0,10.0,7.0,16.0,7.0
Marco Asensio,22,85,92,54000000.0,215.0,2050,3.0,3.0,4.0,82.0,82.0,50.0,83.0,79.0,86.0,83.0,76.0,82.0,85.0,85.0,82.0,79.0,82.0,76.0,86.0,58.0,76.0,61.0,88.0,45.0,45.0,82.0,84.0,62.0,40.0,42.0,39.0,13.0,9.0,6.0,12.0,10.0
W. Szczęsny,28,85,87,32000000.0,125.0,1270,3.0,3.0,1.0,12.0,12.0,16.0,32.0,14.0,11.0,16.0,14.0,36.0,22.0,51.0,47.0,55.0,82.0,51.0,15.0,71.0,45.0,65.0,14.0,40.0,15.0,14.0,48.0,18.0,20.0,13.0,12.0,85.0,81.0,71.0,85.0,87.0
Alisson,25,85,90,36500000.0,115.0,1320,3.0,3.0,1.0,17.0,13.0,19.0,45.0,20.0,27.0,19.0,18.0,44.0,30.0,54.0,45.0,40.0,84.0,37.0,21.0,52.0,32.0,78.0,14.0,27.0,11.0,13.0,66.0,23.0,15.0,19.0,16.0,83.0,81.0,85.0,84.0,88.0
J. Kimmich,23,85,88,40500000.0,92.0,2185,3.0,4.0,3.0,90.0,66.0,74.0,85.0,61.0,80.0,81.0,61.0,80.0,85.0,78.0,68.0,84.0,85.0,83.0,75.0,79.0,85.0,65.0,69.0,74.0,79.0,80.0,79.0,44.0,75.0,81.0,79.0,8.0,15.0,7.0,15.0,15.0
Saúl,23,85,90,50500000.0,77.0,2196,3.0,4.0,3.0,69.0,78.0,83.0,85.0,76.0,83.0,72.0,60.0,83.0,85.0,74.0,73.0,76.0,82.0,69.0,78.0,79.0,86.0,77.0,79.0,69.0,78.0,82.0,82.0,55.0,77.0,79.0,76.0,7.0,13.0,12.0,10.0,9.0
D. Alaba,26,85,87,38000000.0,110.0,2261,4.0,4.0,3.0,81.0,63.0,75.0,82.0,68.0,79.0,78.0,84.0,80.0,83.0,79.0,86.0,79.0,84.0,77.0,83.0,82.0,87.0,71.0,82.0,69.0,84.0,76.0,77.0,80.0,80.0,82.0,80.0,5.0,7.0,14.0,15.0,9.0
Koke,26,85,86,45000000.0,88.0,2175,3.0,4.0,3.0,86.0,72.0,61.0,90.0,56.0,82.0,85.0,76.0,89.0,86.0,71.0,68.0,74.0,85.0,78.0,84.0,61.0,90.0,79.0,81.0,71.0,66.0,84.0,87.0,59.0,80.0,69.0,51.0,14.0,12.0,5.0,10.0,13.0
A. Lacazette,27,85,86,45000000.0,180.0,2060,3.0,4.0,4.0,64.0,88.0,73.0,80.0,81.0,85.0,74.0,71.0,59.0,83.0,81.0,84.0,85.0,85.0,85.0,83.0,76.0,79.0,73.0,75.0,70.0,42.0,86.0,76.0,84.0,29.0,42.0,30.0,11.0,6.0,9.0,5.0,6.0
K. Manolas,27,85,87,37500000.0,96.0,1642,3.0,2.0,2.0,27.0,10.0,80.0,60.0,16.0,54.0,30.0,10.0,61.0,65.0,80.0,85.0,68.0,85.0,59.0,40.0,86.0,76.0,82.0,12.0,86.0,86.0,25.0,22.0,26.0,86.0,87.0,89.0,8.0,6.0,8.0,15.0,12.0
N. Otamendi,30,85,85,28500000.0,170.0,1916,3.0,3.0,2.0,52.0,54.0,85.0,75.0,57.0,51.0,50.0,39.0,72.0,70.0,57.0,61.0,64.0,79.0,62.0,69.0,92.0,67.0,80.0,56.0,91.0,84.0,51.0,53.0,45.0,83.0,85.0,84.0,12.0,5.0,8.0,11.0,12.0
Parejo,29,85,85,37000000.0,66.0,2119,2.0,4.0,3.0,84.0,79.0,61.0,90.0,72.0,78.0,89.0,90.0,87.0,84.0,51.0,43.0,66.0,78.0,72.0,78.0,51.0,78.0,72.0,82.0,58.0,81.0,81.0,86.0,83.0,69.0,68.0,60.0,5.0,9.0,12.0,14.0,8.0
Paulinho,29,85,85,37000000.0,235.0,2245,3.0,3.0,3.0,64.0,81.0,85.0,84.0,75.0,82.0,66.0,72.0,80.0,84.0,73.0,73.0,69.0,84.0,66.0,83.0,90.0,92.0,81.0,80.0,81.0,81.0,84.0,78.0,71.0,75.0,81.0,73.0,16.0,16.0,11.0,6.0,8.0
M. Mandžukić,32,84,84,25000000.0,160.0,2106,3.0,3.0,3.0,72.0,84.0,90.0,75.0,86.0,76.0,64.0,49.0,67.0,77.0,67.0,73.0,67.0,86.0,53.0,80.0,85.0,83.0,85.0,60.0,88.0,66.0,90.0,74.0,76.0,59.0,64.0,64.0,10.0,8.0,5.0,8.0,15.0
E. Banega,30,84,84,29000000.0,31.0,2133,3.0,4.0,4.0,80.0,66.0,49.0,88.0,65.0,84.0,83.0,81.0,87.0,86.0,68.0,64.0,79.0,77.0,83.0,74.0,57.0,74.0,67.0,78.0,73.0,76.0,75.0,88.0,78.0,75.0,69.0,64.0,13.0,8.0,7.0,7.0,10.0
Sergio Asenjo,29,84,85,24000000.0,42.0,1333,2.0,3.0,1.0,24.0,14.0,13.0,39.0,15.0,15.0,23.0,22.0,39.0,14.0,59.0,54.0,62.0,79.0,58.0,24.0,73.0,41.0,73.0,13.0,20.0,22.0,12.0,46.0,15.0,24.0,15.0,14.0,85.0,83.0,77.0,82.0,84.0
Willian,29,84,84,30500000.0,175.0,2052,3.0,4.0,4.0,76.0,77.0,31.0,80.0,59.0,88.0,82.0,83.0,77.0,84.0,91.0,86.0,89.0,82.0,79.0,79.0,41.0,85.0,60.0,81.0,44.0,55.0,80.0,83.0,70.0,43.0,57.0,51.0,14.0,12.0,13.0,7.0,13.0
D. Payet,31,84,84,27500000.0,75.0,2053,3.0,4.0,4.0,87.0,78.0,59.0,84.0,77.0,86.0,90.0,84.0,80.0,90.0,75.0,72.0,79.0,75.0,80.0,80.0,48.0,73.0,72.0,82.0,57.0,37.0,79.0,87.0,74.0,32.0,36.0,39.0,11.0,15.0,9.0,14.0,12.0
A. Di María,30,84,84,29500000.0,125.0,2113,4.0,2.0,5.0,83.0,72.0,51.0,82.0,77.0,86.0,84.0,82.0,79.0,85.0,85.0,84.0,92.0,80.0,77.0,83.0,72.0,73.0,60.0,77.0,73.0,38.0,82.0,82.0,73.0,35.0,59.0,56.0,10.0,7.0,11.0,12.0,11.0
José Callejón,31,84,84,27500000.0,105.0,2045,3.0,3.0,3.0,82.0,78.0,65.0,80.0,84.0,82.0,73.0,65.0,51.0,85.0,88.0,89.0,85.0,82.0,80.0,78.0,73.0,91.0,55.0,80.0,54.0,40.0,88.0,78.0,62.0,64.0,32.0,32.0,8.0,5.0,14.0,11.0,11.0
K. Walker,28,84,84,24500000.0,165.0,2175,3.0,2.0,2.0,81.0,51.0,74.0,78.0,57.0,79.0,76.0,71.0,67.0,78.0,86.0,93.0,67.0,83.0,72.0,86.0,83.0,89.0,75.0,69.0,78.0,81.0,67.0,69.0,63.0,78.0,84.0,83.0,12.0,6.0,16.0,15.0,8.0
Illarramendi,28,84,84,31000000.0,51.0,2097,2.0,3.0,4.0,68.0,72.0,51.0,86.0,58.0,78.0,76.0,68.0,82.0,83.0,66.0,57.0,71.0,84.0,75.0,69.0,63.0,77.0,68.0,76.0,76.0,87.0,79.0,86.0,50.0,69.0,83.0,80.0,15.0,7.0,11.0,14.0,12.0
A. Witsel,29,84,84,24000000.0,77.0,2200,3.0,4.0,4.0,69.0,71.0,80.0,89.0,77.0,78.0,69.0,68.0,79.0,84.0,67.0,74.0,78.0,84.0,60.0,78.0,76.0,86.0,82.0,74.0,82.0,80.0,75.0,79.0,81.0,80.0,79.0,85.0,5.0,7.0,7.0,10.0,7.0
N. Matić,29,84,84,24000000.0,165.0,2100,3.0,3.0,3.0,71.0,64.0,74.0,84.0,73.0,80.0,72.0,67.0,83.0,79.0,52.0,59.0,44.0,83.0,50.0,83.0,67.0,84.0,85.0,75.0,80.0,86.0,69.0,73.0,64.0,83.0,84.0,75.0,7.0,15.0,12.0,14.0,9.0
Jonas,34,84,84,16500000.0,25.0,2023,3.0,5.0,3.0,70.0,88.0,84.0,76.0,85.0,84.0,85.0,77.0,75.0,88.0,65.0,64.0,77.0,85.0,69.0,84.0,69.0,66.0,63.0,85.0,61.0,34.0,87.0,83.0,84.0,31.0,36.0,25.0,12.0,11.0,7.0,8.0,5.0
Sokratis,30,84,84,23000000.0,140.0,1797,3.0,2.0,2.0,47.0,44.0,85.0,60.0,46.0,58.0,29.0,35.0,51.0,58.0,64.0,73.0,60.0,81.0,64.0,77.0,86.0,69.0,86.0,48.0,88.0,77.0,49.0,45.0,24.0,85.0,87.0,85.0,6.0,8.0,5.0,12.0,5.0
S. Ruffier,31,84,84,19000000.0,41.0,1254,3.0,3.0,1.0,11.0,11.0,12.0,33.0,13.0,12.0,17.0,12.0,34.0,15.0,45.0,50.0,51.0,78.0,55.0,21.0,72.0,37.0,76.0,11.0,31.0,25.0,12.0,49.0,25.0,13.0,12.0,11.0,82.0,84.0,77.0,85.0,82.0
Falcao,32,84,84,25000000.0,115.0,2026,3.0,4.0,3.0,55.0,86.0,89.0,79.0,84.0,75.0,83.0,73.0,58.0,82.0,69.0,66.0,76.0,85.0,75.0,79.0,91.0,68.0,75.0,80.0,75.0,41.0,88.0,70.0,81.0,39.0,42.0,19.0,10.0,13.0,6.0,9.0,5.0
K. Schmeichel,31,84,84,19000000.0,78.0,1351,2.0,3.0,1.0,18.0,12.0,16.0,44.0,15.0,12.0,13.0,15.0,46.0,40.0,59.0,60.0,62.0,81.0,47.0,36.0,60.0,34.0,64.0,14.0,35.0,20.0,13.0,59.0,26.0,14.0,14.0,13.0,82.0,77.0,82.0,80.0,88.0
Raúl Albiol,32,84,84,18000000.0,88.0,1765,3.0,3.0,2.0,38.0,27.0,77.0,74.0,31.0,59.0,53.0,45.0,72.0,71.0,54.0,53.0,53.0,82.0,56.0,65.0,77.0,55.0,82.0,53.0,81.0,86.0,30.0,57.0,37.0,89.0,87.0,85.0,8.0,6.0,5.0,9.0,8.0
A. Gómez,30,84,84,30000000.0,53.0,2049,3.0,4.0,4.0,82.0,76.0,38.0,82.0,72.0,89.0,79.0,79.0,74.0,87.0,94.0,86.0,92.0,83.0,94.0,76.0,70.0,75.0,48.0,79.0,56.0,40.0,81.0,85.0,72.0,50.0,30.0,34.0,8.0,11.0,12.0,9.0,6.0
A. Barzagli,37,84,84,4200000.0,95.0,1740,3.0,3.0,2.0,40.0,21.0,72.0,65.0,35.0,64.0,50.0,31.0,65.0,65.0,61.0,77.0,52.0,80.0,64.0,54.0,81.0,53.0,83.0,39.0,66.0,90.0,28.0,62.0,60.0,94.0,90.0,82.0,4.0,2.0,4.0,2.0,4.0
Quaresma,34,84,84,15500000.0,80.0,1988,3.0,4.0,5.0,92.0,67.0,41.0,79.0,80.0,89.0,94.0,73.0,75.0,88.0,84.0,82.0,91.0,78.0,84.0,79.0,63.0,65.0,55.0,80.0,74.0,24.0,78.0,84.0,74.0,29.0,17.0,13.0,12.0,14.0,10.0,5.0,15.0
A. Robben,34,84,84,15500000.0,110.0,2044,4.0,2.0,4.0,80.0,85.0,51.0,82.0,86.0,89.0,90.0,81.0,71.0,88.0,83.0,76.0,87.0,85.0,90.0,86.0,60.0,64.0,67.0,86.0,47.0,37.0,84.0,80.0,78.0,30.0,26.0,26.0,10.0,8.0,11.0,5.0,15.0
L. Hrádecký,28,84,84,22000000.0,74.0,1132,2.0,3.0,1.0,11.0,11.0,11.0,15.0,9.0,10.0,11.0,15.0,20.0,20.0,38.0,44.0,43.0,83.0,39.0,14.0,69.0,34.0,55.0,14.0,31.0,18.0,9.0,53.0,20.0,10.0,10.0,13.0,85.0,79.0,68.0,82.0,88.0
I. Gündoğan,27,84,84,32000000.0,175.0,2138,3.0,4.0,4.0,74.0,73.0,50.0,88.0,75.0,85.0,81.0,74.0,83.0,86.0,67.0,68.0,78.0,85.0,78.0,77.0,61.0,69.0,72.0,73.0,70.0,77.0,79.0,86.0,76.0,73.0,68.0,64.0,11.0,14.0,5.0,5.0,13.0
B. Leno,26,84,87,27000000.0,115.0,1278,3.0,4.0,1.0,9.0,9.0,13.0,45.0,10.0,16.0,9.0,8.0,40.0,22.0,46.0,52.0,52.0,80.0,44.0,23.0,73.0,43.0,68.0,14.0,28.0,22.0,7.0,54.0,23.0,27.0,15.0,18.0,84.0,82.0,75.0,85.0,82.0
William Carvalho,26,84,86,31500000.0,38.0,1985,3.0,4.0,3.0,68.0,52.0,73.0,84.0,50.0,80.0,79.0,50.0,86.0,79.0,49.0,53.0,51.0,75.0,51.0,59.0,69.0,84.0,90.0,55.0,75.0,84.0,64.0,83.0,60.0,84.0,85.0,68.0,6.0,6.0,5.0,14.0,14.0
Iago Aspas,30,84,84,30000000.0,45.0,2057,2.0,3.0,3.0,80.0,88.0,78.0,79.0,83.0,86.0,80.0,76.0,64.0,85.0,85.0,78.0,87.0,85.0,74.0,79.0,68.0,75.0,60.0,82.0,63.0,39.0,86.0,75.0,82.0,39.0,21.0,18.0,12.0,16.0,9.0,12.0,13.0
J. Giménez,23,84,88,34000000.0,63.0,1758,2.0,3.0,2.0,47.0,37.0,81.0,68.0,30.0,47.0,36.0,44.0,58.0,56.0,69.0,70.0,56.0,76.0,43.0,72.0,92.0,67.0,85.0,48.0,89.0,85.0,24.0,27.0,38.0,88.0,86.0,87.0,9.0,11.0,7.0,10.0,15.0
Alex Telles,25,84,87,32000000.0,22.0,2259,3.0,2.0,3.0,89.0,65.0,74.0,83.0,67.0,82.0,87.0,79.0,86.0,82.0,84.0,85.0,73.0,83.0,70.0,80.0,81.0,92.0,68.0,75.0,78.0,80.0,76.0,74.0,68.0,80.0,81.0,79.0,13.0,8.0,12.0,11.0,14.0
Bruno Fernandes,23,84,88,40500000.0,22.0,2223,2.0,3.0,4.0,84.0,73.0,58.0,85.0,84.0,83.0,85.0,81.0,82.0,85.0,79.0,76.0,77.0,84.0,78.0,87.0,72.0,89.0,67.0,88.0,65.0,70.0,79.0,86.0,81.0,63.0,66.0,53.0,12.0,14.0,15.0,8.0,14.0
N. Süle,22,84,90,36500000.0,84.0,1648,2.0,3.0,2.0,30.0,20.0,86.0,78.0,31.0,42.0,28.0,30.0,63.0,63.0,52.0,84.0,33.0,79.0,33.0,77.0,38.0,65.0,94.0,62.0,82.0,82.0,26.0,30.0,32.0,82.0,85.0,83.0,15.0,7.0,14.0,7.0,15.0
A. Martial,22,84,90,42500000.0,165.0,2064,3.0,3.0,4.0,76.0,84.0,69.0,77.0,74.0,87.0,84.0,54.0,60.0,86.0,88.0,89.0,85.0,81.0,81.0,84.0,74.0,75.0,75.0,80.0,58.0,42.0,83.0,73.0,81.0,38.0,39.0,36.0,9.0,8.0,8.0,15.0,11.0
D. Alli,22,84,90,42500000.0,115.0,2189,3.0,3.0,4.0,69.0,83.0,77.0,85.0,79.0,83.0,75.0,68.0,80.0,85.0,73.0,76.0,76.0,85.0,62.0,78.0,67.0,90.0,71.0,80.0,84.0,74.0,86.0,85.0,74.0,70.0,70.0,63.0,7.0,6.0,9.0,11.0,8.0
Fabinho,24,84,88,34000000.0,120.0,2164,3.0,2.0,3.0,79.0,66.0,75.0,83.0,47.0,76.0,71.0,53.0,78.0,82.0,69.0,72.0,69.0,83.0,67.0,78.0,75.0,92.0,79.0,65.0,85.0,84.0,70.0,75.0,91.0,83.0,86.0,84.0,13.0,12.0,6.0,8.0,8.0
Marquinhos,24,84,89,35500000.0,90.0,1879,3.0,3.0,2.0,72.0,33.0,80.0,81.0,31.0,59.0,49.0,32.0,78.0,76.0,73.0,76.0,69.0,81.0,68.0,53.0,86.0,75.0,74.0,35.0,80.0,84.0,46.0,51.0,31.0,85.0,87.0,87.0,6.0,6.0,12.0,10.0,13.0
A. Laporte,24,84,88,34000000.0,135.0,1912,2.0,3.0,2.0,58.0,45.0,85.0,76.0,40.0,59.0,61.0,69.0,78.0,73.0,62.0,66.0,45.0,83.0,55.0,68.0,75.0,67.0,82.0,47.0,75.0,85.0,54.0,57.0,44.0,85.0,86.0,87.0,10.0,11.0,5.0,14.0,5.0
Jorginho,26,84,87,38000000.0,155.0,2136,2.0,3.0,3.0,75.0,57.0,56.0,89.0,71.0,82.0,75.0,76.0,87.0,85.0,75.0,69.0,80.0,83.0,73.0,71.0,58.0,79.0,66.0,62.0,79.0,78.0,72.0,87.0,84.0,63.0,78.0,70.0,14.0,7.0,13.0,14.0,8.0
S. de Vrij,26,84,86,31500000.0,88.0,1808,3.0,4.0,2.0,49.0,25.0,80.0,71.0,27.0,63.0,45.0,16.0,71.0,71.0,67.0,69.0,61.0,80.0,59.0,65.0,76.0,66.0,80.0,60.0,78.0,87.0,32.0,59.0,41.0,88.0,87.0,83.0,8.0,10.0,7.0,14.0,13.0
J. Cuadrado,30,84,84,29500000.0,150.0,2163,3.0,3.0,5.0,80.0,67.0,58.0,80.0,70.0,90.0,78.0,69.0,69.0,85.0,89.0,93.0,91.0,80.0,82.0,84.0,75.0,78.0,61.0,80.0,78.0,62.0,78.0,76.0,65.0,63.0,70.0,74.0,5.0,5.0,13.0,6.0,9.0
F. Thauvin,25,84,87,39000000.0,72.0,2091,2.0,3.0,4.0,83.0,81.0,75.0,83.0,74.0,85.0,86.0,72.0,76.0,86.0,87.0,80.0,86.0,83.0,71.0,83.0,76.0,83.0,66.0,82.0,56.0,42.0,83.0,80.0,74.0,46.0,29.0,31.0,8.0,11.0,14.0,10.0,9.0
D. Sánchez,22,84,88,34000000.0,105.0,1809,2.0,3.0,2.0,36.0,40.0,80.0,77.0,28.0,63.0,30.0,27.0,67.0,73.0,72.0,79.0,60.0,80.0,55.0,66.0,73.0,76.0,83.0,44.0,87.0,82.0,34.0,49.0,44.0,84.0,85.0,88.0,9.0,7.0,10.0,6.0,15.0
M. Perin,25,84,89,29500000.0,105.0,1254,2.0,3.0,1.0,11.0,11.0,12.0,33.0,19.0,19.0,15.0,13.0,31.0,23.0,57.0,56.0,70.0,79.0,30.0,23.0,75.0,30.0,52.0,17.0,25.0,19.0,12.0,44.0,21.0,20.0,12.0,19.0,81.0,85.0,71.0,79.0,90.0
A. Lopes,27,84,86,25000000.0,72.0,1355,2.0,2.0,1.0,19.0,18.0,16.0,32.0,13.0,15.0,15.0,14.0,31.0,21.0,63.0,64.0,67.0,84.0,62.0,20.0,82.0,36.0,73.0,18.0,43.0,25.0,9.0,48.0,16.0,13.0,15.0,13.0,86.0,80.0,75.0,81.0,88.0
H. Son,25,84,85,37000000.0,125.0,2079,3.0,5.0,4.0,78.0,85.0,65.0,79.0,79.0,88.0,81.0,70.0,64.0,85.0,88.0,87.0,82.0,84.0,76.0,86.0,63.0,85.0,63.0,88.0,60.0,39.0,85.0,80.0,71.0,48.0,34.0,33.0,11.0,13.0,13.0,6.0,10.0
M. Depay,24,84,89,42000000.0,93.0,2083,3.0,3.0,5.0,79.0,79.0,65.0,80.0,74.0,85.0,85.0,88.0,74.0,85.0,87.0,87.0,82.0,79.0,79.0,87.0,74.0,79.0,80.0,81.0,76.0,28.0,83.0,82.0,75.0,29.0,31.0,20.0,8.0,14.0,6.0,12.0,10.0
Carvajal,26,84,87,31500000.0,185.0,2040,3.0,3.0,3.0,83.0,41.0,70.0,81.0,34.0,76.0,72.0,47.0,71.0,83.0,79.0,84.0,81.0,82.0,79.0,64.0,76.0,84.0,74.0,36.0,81.0,83.0,61.0,57.0,45.0,83.0,83.0,85.0,13.0,13.0,15.0,9.0,15.0
M. Balotelli,27,83,83,27500000.0,55.0,1914,4.0,4.0,4.0,68.0,85.0,67.0,78.0,78.0,81.0,78.0,78.0,66.0,85.0,76.0,82.0,71.0,68.0,50.0,89.0,74.0,66.0,86.0,79.0,70.0,30.0,79.0,74.0,92.0,10.0,22.0,20.0,2.0,2.0,2.0,4.0,2.0
H. Mkhitaryan,29,83,83,25500000.0,145.0,2100,3.0,5.0,4.0,77.0,74.0,53.0,80.0,81.0,84.0,83.0,64.0,71.0,86.0,84.0,78.0,87.0,79.0,85.0,85.0,69.0,83.0,62.0,73.0,69.0,64.0,82.0,84.0,72.0,41.0,53.0,55.0,5.0,11.0,14.0,5.0,7.0
Oscar,26,83,84,30500000.0,29.0,2022,3.0,3.0,4.0,74.0,76.0,54.0,86.0,63.0,78.0,77.0,75.0,82.0,84.0,75.0,72.0,86.0,81.0,80.0,80.0,64.0,76.0,38.0,77.0,43.0,45.0,79.0,83.0,68.0,66.0,52.0,47.0,12.0,10.0,15.0,12.0,12.0
B. Dost,29,83,83,26000000.0,26.0,1793,3.0,3.0,2.0,38.0,87.0,94.0,73.0,85.0,68.0,61.0,30.0,37.0,74.0,49.0,54.0,32.0,85.0,32.0,82.0,51.0,82.0,92.0,72.0,70.0,39.0,89.0,68.0,88.0,38.0,45.0,26.0,6.0,12.0,15.0,11.0,8.0
K. Strootman,28,83,83,21000000.0,66.0,2139,3.0,3.0,3.0,74.0,68.0,68.0,87.0,63.0,75.0,75.0,70.0,84.0,84.0,65.0,66.0,65.0,83.0,68.0,81.0,53.0,79.0,81.0,70.0,86.0,83.0,78.0,79.0,77.0,75.0,84.0,75.0,7.0,12.0,11.0,6.0,7.0
D. Subašić,33,83,83,13000000.0,70.0,1284,3.0,2.0,1.0,11.0,10.0,13.0,24.0,13.0,11.0,24.0,57.0,26.0,19.0,51.0,54.0,42.0,78.0,37.0,24.0,75.0,32.0,80.0,14.0,31.0,20.0,15.0,52.0,23.0,14.0,14.0,13.0,82.0,80.0,79.0,82.0,84.0
Marcos Alonso,27,83,84,24000000.0,130.0,2201,2.0,3.0,3.0,85.0,68.0,83.0,84.0,70.0,79.0,85.0,86.0,73.0,83.0,69.0,76.0,64.0,84.0,58.0,84.0,71.0,90.0,76.0,77.0,75.0,79.0,79.0,69.0,64.0,79.0,82.0,79.0,9.0,7.0,13.0,9.0,12.0
K. Kampl,27,83,83,26500000.0,74.0,2076,2.0,4.0,3.0,72.0,63.0,34.0,84.0,68.0,86.0,78.0,75.0,79.0,84.0,84.0,71.0,91.0,84.0,80.0,69.0,67.0,88.0,47.0,73.0,64.0,75.0,73.0,82.0,64.0,65.0,64.0,59.0,13.0,11.0,7.0,6.0,16.0
I. Gueye,28,83,83,21000000.0,125.0,2055,2.0,3.0,3.0,60.0,50.0,69.0,80.0,32.0,75.0,33.0,61.0,72.0,79.0,76.0,72.0,80.0,81.0,80.0,80.0,87.0,89.0,70.0,66.0,84.0,87.0,67.0,67.0,54.0,84.0,89.0,84.0,8.0,6.0,8.0,12.0,13.0
O. Baumann,28,83,84,21000000.0,42.0,1222,2.0,1.0,1.0,14.0,11.0,16.0,30.0,11.0,19.0,12.0,11.0,25.0,17.0,47.0,51.0,45.0,81.0,43.0,21.0,73.0,39.0,69.0,13.0,32.0,21.0,10.0,41.0,22.0,15.0,18.0,14.0,82.0,82.0,70.0,82.0,85.0
Neto,28,83,84,21000000.0,41.0,1295,2.0,2.0,1.0,11.0,15.0,14.0,36.0,12.0,19.0,12.0,13.0,41.0,24.0,53.0,49.0,59.0,79.0,49.0,28.0,80.0,39.0,63.0,20.0,40.0,15.0,11.0,42.0,22.0,17.0,14.0,15.0,85.0,79.0,79.0,78.0,82.0
Pizzi,28,83,83,25500000.0,22.0,2149,3.0,4.0,3.0,79.0,76.0,45.0,83.0,77.0,80.0,83.0,76.0,84.0,82.0,82.0,73.0,77.0,81.0,77.0,75.0,67.0,86.0,59.0,78.0,68.0,70.0,84.0,85.0,76.0,66.0,66.0,52.0,15.0,14.0,9.0,9.0,15.0
Rodrigo,27,83,84,30500000.0,57.0,2060,2.0,3.0,4.0,72.0,78.0,80.0,78.0,77.0,82.0,83.0,67.0,58.0,82.0,88.0,91.0,84.0,80.0,77.0,83.0,78.0,78.0,72.0,76.0,60.0,31.0,83.0,74.0,77.0,44.0,41.0,40.0,7.0,13.0,10.0,11.0,5.0
Sergi Roberto,26,83,86,26500000.0,170.0,2106,3.0,3.0,4.0,85.0,63.0,72.0,86.0,50.0,78.0,74.0,60.0,78.0,83.0,78.0,79.0,69.0,80.0,74.0,65.0,47.0,85.0,69.0,66.0,68.0,81.0,69.0,83.0,57.0,75.0,83.0,83.0,14.0,16.0,11.0,15.0,10.0
Giuliano,28,83,83,26000000.0,64.0,2073,2.0,3.0,4.0,77.0,79.0,59.0,82.0,65.0,84.0,67.0,71.0,79.0,84.0,85.0,79.0,85.0,81.0,85.0,78.0,61.0,82.0,74.0,76.0,71.0,42.0,81.0,80.0,79.0,49.0,43.0,38.0,16.0,11.0,13.0,9.0,8.0
Luiz Gustavo,30,83,83,19000000.0,63.0,2025,3.0,3.0,3.0,63.0,48.0,72.0,79.0,54.0,68.0,42.0,60.0,77.0,73.0,65.0,64.0,65.0,83.0,62.0,80.0,76.0,85.0,81.0,73.0,88.0,83.0,53.0,69.0,58.0,82.0,84.0,86.0,10.0,6.0,11.0,12.0,13.0
S. Mandanda,33,83,83,13000000.0,51.0,1218,3.0,3.0,1.0,14.0,13.0,13.0,37.0,13.0,15.0,13.0,12.0,28.0,17.0,53.0,43.0,52.0,80.0,36.0,24.0,74.0,31.0,61.0,11.0,37.0,23.0,11.0,55.0,11.0,13.0,15.0,13.0,86.0,81.0,70.0,79.0,84.0
David Luiz,31,83,83,17500000.0,130.0,2074,4.0,3.0,3.0,68.0,55.0,81.0,77.0,63.0,66.0,70.0,76.0,77.0,79.0,59.0,62.0,69.0,75.0,56.0,79.0,78.0,66.0,79.0,73.0,85.0,85.0,54.0,69.0,75.0,79.0,83.0,82.0,11.0,12.0,10.0,7.0,14.0
Allan,27,83,83,26500000.0,87.0,2157,2.0,3.0,4.0,70.0,72.0,59.0,85.0,56.0,82.0,65.0,49.0,77.0,80.0,81.0,74.0,82.0,86.0,80.0,70.0,70.0,95.0,77.0,66.0,87.0,86.0,79.0,79.0,53.0,85.0,85.0,83.0,13.0,13.0,5.0,5.0,8.0
Pepe Reina,35,83,83,6000000.0,56.0,1299,3.0,3.0,1.0,11.0,14.0,13.0,19.0,11.0,10.0,11.0,11.0,22.0,23.0,50.0,63.0,50.0,82.0,60.0,24.0,73.0,34.0,72.0,15.0,32.0,22.0,13.0,65.0,24.0,20.0,22.0,24.0,80.0,83.0,82.0,82.0,82.0
D. De Rossi,34,83,83,8000000.0,80.0,2101,3.0,4.0,2.0,57.0,50.0,81.0,81.0,74.0,64.0,62.0,71.0,80.0,77.0,63.0,67.0,64.0,80.0,72.0,81.0,77.0,74.0,81.0,72.0,84.0,87.0,55.0,71.0,75.0,90.0,82.0,80.0,10.0,7.0,13.0,10.0,9.0
R. Jarstein,33,83,83,13000000.0,33.0,1191,2.0,4.0,1.0,18.0,13.0,16.0,34.0,16.0,11.0,10.0,14.0,34.0,23.0,40.0,46.0,35.0,76.0,45.0,21.0,59.0,31.0,70.0,18.0,34.0,19.0,15.0,37.0,13.0,12.0,11.0,13.0,79.0,82.0,76.0,86.0,84.0
F. Ribéry,35,83,83,11500000.0,72.0,1929,4.0,4.0,5.0,80.0,74.0,41.0,83.0,79.0,84.0,83.0,81.0,74.0,87.0,78.0,78.0,84.0,83.0,90.0,75.0,34.0,58.0,60.0,71.0,51.0,33.0,77.0,84.0,78.0,31.0,25.0,26.0,15.0,6.0,9.0,7.0,10.0
M. Dembélé,30,83,83,24000000.0,120.0,2177,3.0,2.0,4.0,65.0,66.0,70.0,86.0,73.0,89.0,65.0,55.0,80.0,89.0,72.0,72.0,79.0,83.0,76.0,81.0,75.0,70.0,89.0,70.0,79.0,82.0,70.0,80.0,63.0,75.0,82.0,70.0,16.0,14.0,11.0,16.0,14.0
Cesc Fàbregas,31,83,83,22000000.0,140.0,2040,4.0,3.0,3.0,85.0,72.0,74.0,90.0,81.0,79.0,78.0,81.0,89.0,85.0,56.0,54.0,62.0,81.0,75.0,77.0,63.0,56.0,61.0,70.0,45.0,50.0,72.0,91.0,78.0,64.0,59.0,58.0,6.0,10.0,8.0,15.0,15.0
Lucas Leiva,31,83,83,17500000.0,64.0,2095,3.0,3.0,3.0,63.0,62.0,72.0,82.0,59.0,77.0,74.0,47.0,81.0,78.0,67.0,67.0,78.0,82.0,80.0,77.0,82.0,80.0,67.0,66.0,80.0,87.0,66.0,81.0,61.0,82.0,82.0,78.0,10.0,8.0,8.0,5.0,6.0
R. Fährmann,29,83,84,20000000.0,38.0,1179,2.0,1.0,1.0,14.0,11.0,15.0,25.0,11.0,15.0,18.0,11.0,26.0,24.0,38.0,47.0,39.0,83.0,36.0,24.0,72.0,32.0,79.0,9.0,36.0,23.0,11.0,42.0,21.0,10.0,12.0,10.0,83.0,81.0,52.0,82.0,87.0
L. Bender,29,83,83,20000000.0,82.0,2049,3.0,3.0,2.0,69.0,59.0,78.0,79.0,57.0,72.0,49.0,47.0,74.0,75.0,66.0,67.0,65.0,83.0,63.0,74.0,77.0,86.0,76.0,71.0,79.0,86.0,69.0,76.0,52.0,88.0,86.0,82.0,12.0,6.0,7.0,12.0,7.0
Javi Martínez,29,83,83,20000000.0,94.0,1948,3.0,3.0,2.0,60.0,43.0,87.0,77.0,58.0,60.0,46.0,45.0,74.0,74.0,49.0,53.0,53.0,83.0,48.0,76.0,85.0,74.0,84.0,62.0,90.0,87.0,51.0,75.0,52.0,85.0,86.0,86.0,5.0,12.0,9.0,11.0,8.0
Y. Sommer,29,83,84,20000000.0,35.0,1299,3.0,4.0,1.0,13.0,13.0,10.0,40.0,8.0,15.0,12.0,13.0,31.0,25.0,48.0,54.0,55.0,80.0,58.0,23.0,73.0,45.0,68.0,12.0,38.0,21.0,15.0,58.0,24.0,9.0,19.0,12.0,78.0,84.0,80.0,80.0,85.0
Rui Patrício,30,83,83,16500000.0,74.0,1352,3.0,2.0,1.0,12.0,12.0,11.0,31.0,17.0,20.0,10.0,16.0,30.0,23.0,53.0,57.0,61.0,80.0,54.0,38.0,79.0,45.0,77.0,11.0,39.0,22.0,13.0,64.0,32.0,14.0,13.0,11.0,85.0,81.0,80.0,79.0,82.0
Adán,31,83,83,15500000.0,55.0,1299,2.0,2.0,1.0,12.0,11.0,23.0,34.0,15.0,12.0,11.0,12.0,43.0,15.0,56.0,54.0,55.0,77.0,51.0,25.0,71.0,32.0,77.0,12.0,41.0,20.0,11.0,42.0,25.0,20.0,14.0,18.0,81.0,84.0,78.0,84.0,83.0
Juan Mata,30,83,83,24500000.0,160.0,1984,3.0,3.0,4.0,83.0,78.0,56.0,85.0,71.0,82.0,84.0,86.0,79.0,88.0,69.0,62.0,84.0,85.0,89.0,75.0,70.0,71.0,37.0,72.0,50.0,39.0,83.0,85.0,81.0,42.0,31.0,21.0,9.0,10.0,14.0,5.0,8.0
F. Acerbi,30,83,83,19000000.0,64.0,1849,2.0,3.0,3.0,25.0,37.0,80.0,73.0,39.0,65.0,62.0,56.0,77.0,72.0,65.0,55.0,33.0,81.0,35.0,75.0,68.0,81.0,83.0,60.0,73.0,85.0,20.0,65.0,72.0,87.0,87.0,85.0,11.0,9.0,9.0,13.0,11.0
K. Glik,30,83,83,19000000.0,86.0,1582,3.0,2.0,2.0,29.0,27.0,85.0,63.0,17.0,51.0,35.0,26.0,59.0,59.0,50.0,52.0,34.0,78.0,51.0,57.0,81.0,67.0,90.0,20.0,86.0,83.0,24.0,23.0,39.0,82.0,85.0,82.0,10.0,14.0,5.0,8.0,10.0
T. Horn,25,83,87,24000000.0,25.0,1261,2.0,3.0,1.0,19.0,13.0,14.0,35.0,14.0,20.0,12.0,15.0,32.0,22.0,45.0,51.0,50.0,80.0,31.0,22.0,64.0,31.0,67.0,17.0,41.0,22.0,15.0,55.0,21.0,14.0,13.0,12.0,83.0,80.0,83.0,82.0,86.0
H. Ziyech,25,83,86,32500000.0,28.0,2098,3.0,2.0,4.0,84.0,68.0,53.0,86.0,77.0,83.0,90.0,78.0,89.0,83.0,76.0,74.0,85.0,82.0,78.0,80.0,38.0,86.0,59.0,75.0,71.0,62.0,75.0,88.0,73.0,52.0,66.0,36.0,11.0,7.0,11.0,8.0,14.0
L. Goretzka,23,83,88,34000000.0,85.0,2203,3.0,4.0,3.0,75.0,72.0,75.0,84.0,68.0,81.0,76.0,75.0,79.0,83.0,84.0,79.0,76.0,83.0,70.0,77.0,67.0,86.0,70.0,78.0,80.0,83.0,77.0,82.0,60.0,70.0,79.0,78.0,13.0,8.0,15.0,11.0,9.0
A. Rabiot,23,83,87,33000000.0,91.0,2184,2.0,3.0,3.0,70.0,69.0,77.0,85.0,72.0,79.0,73.0,59.0,83.0,83.0,73.0,74.0,79.0,83.0,72.0,80.0,73.0,82.0,80.0,79.0,76.0,80.0,76.0,80.0,69.0,70.0,81.0,75.0,9.0,12.0,9.0,7.0,15.0
T. Werner,22,83,87,34500000.0,70.0,1967,3.0,4.0,3.0,69.0,87.0,76.0,77.0,82.0,83.0,62.0,56.0,55.0,84.0,93.0,93.0,81.0,86.0,76.0,74.0,78.0,83.0,59.0,67.0,63.0,37.0,85.0,61.0,72.0,39.0,20.0,19.0,9.0,9.0,8.0,15.0,9.0
Anderson Talisca,24,83,90,36500000.0,18.0,2142,2.0,4.0,4.0,78.0,80.0,77.0,81.0,76.0,82.0,86.0,87.0,79.0,84.0,77.0,76.0,76.0,79.0,65.0,84.0,58.0,76.0,72.0,88.0,67.0,58.0,86.0,81.0,71.0,55.0,62.0,42.0,13.0,11.0,13.0,12.0,10.0
J. Tah,22,83,88,29500000.0,67.0,1673,2.0,4.0,2.0,35.0,20.0,80.0,74.0,24.0,55.0,30.0,27.0,69.0,64.0,64.0,77.0,48.0,82.0,44.0,44.0,72.0,63.0,93.0,25.0,76.0,80.0,27.0,61.0,38.0,80.0,88.0,84.0,11.0,8.0,7.0,9.0,14.0
K. Coman,22,83,87,34000000.0,85.0,1918,2.0,3.0,5.0,81.0,76.0,52.0,77.0,77.0,88.0,84.0,70.0,63.0,83.0,95.0,93.0,87.0,81.0,84.0,77.0,75.0,76.0,61.0,73.0,36.0,23.0,79.0,75.0,70.0,29.0,17.0,15.0,5.0,3.0,5.0,3.0,5.0
T. Lemar,22,83,89,35500000.0,64.0,2173,3.0,2.0,4.0,83.0,75.0,54.0,84.0,78.0,85.0,85.0,81.0,75.0,86.0,86.0,84.0,87.0,80.0,86.0,79.0,71.0,79.0,63.0,76.0,63.0,66.0,77.0,85.0,68.0,55.0,59.0,63.0,11.0,15.0,13.0,7.0,14.0
C. Tolisso,23,83,88,34000000.0,85.0,2207,2.0,3.0,3.0,67.0,75.0,82.0,84.0,62.0,77.0,66.0,73.0,86.0,81.0,75.0,66.0,75.0,83.0,74.0,82.0,90.0,87.0,77.0,81.0,81.0,76.0,79.0,80.0,70.0,75.0,78.0,71.0,7.0,10.0,14.0,9.0,14.0
N. Keïta,23,83,88,34000000.0,120.0,2082,2.0,4.0,4.0,62.0,74.0,42.0,88.0,71.0,88.0,64.0,70.0,78.0,88.0,78.0,60.0,89.0,82.0,90.0,76.0,53.0,82.0,58.0,73.0,78.0,75.0,74.0,81.0,58.0,68.0,62.0,61.0,7.0,14.0,15.0,14.0,9.0
Louri Beretta,26,83,83,28500000.0,60.0,1921,1.0,3.0,4.0,56.0,85.0,83.0,73.0,82.0,75.0,59.0,67.0,47.0,74.0,79.0,83.0,55.0,84.0,55.0,85.0,84.0,56.0,87.0,82.0,65.0,32.0,83.0,58.0,77.0,26.0,27.0,24.0,8.0,11.0,20.0,19.0,20.0
Josué Chiamulera,26,83,83,22500000.0,43.0,1894,1.0,3.0,2.0,40.0,38.0,83.0,74.0,44.0,56.0,45.0,49.0,61.0,70.0,83.0,78.0,77.0,85.0,68.0,53.0,69.0,76.0,73.0,41.0,88.0,84.0,38.0,42.0,56.0,85.0,87.0,82.0,16.0,15.0,13.0,15.0,10.0
Ronaldo Cabrais,26,83,83,28000000.0,51.0,2095,1.0,4.0,4.0,83.0,74.0,64.0,83.0,76.0,85.0,86.0,78.0,82.0,83.0,88.0,87.0,85.0,84.0,76.0,82.0,64.0,86.0,70.0,78.0,62.0,40.0,82.0,83.0,77.0,24.0,35.0,33.0,12.0,12.0,13.0,15.0,13.0
Gabriel Jesus,21,83,92,41000000.0,130.0,2051,2.0,3.0,4.0,66.0,84.0,74.0,76.0,72.0,86.0,76.0,54.0,66.0,85.0,87.0,85.0,92.0,86.0,91.0,78.0,77.0,84.0,68.0,73.0,73.0,32.0,88.0,77.0,78.0,53.0,23.0,19.0,13.0,8.0,6.0,6.0,15.0
O. Dembélé,21,83,92,40000000.0,155.0,1993,3.0,5.0,4.0,78.0,78.0,43.0,78.0,76.0,90.0,78.0,64.0,70.0,83.0,93.0,92.0,90.0,82.0,85.0,83.0,59.0,73.0,46.0,70.0,54.0,36.0,79.0,84.0,75.0,42.0,30.0,33.0,6.0,6.0,14.0,10.0,13.0
Nacho Fernández,28,83,85,24500000.0,180.0,1855,2.0,4.0,2.0,70.0,32.0,82.0,80.0,38.0,55.0,55.0,37.0,61.0,78.0,70.0,79.0,60.0,79.0,68.0,54.0,81.0,78.0,79.0,28.0,78.0,81.0,37.0,53.0,45.0,75.0,86.0,85.0,12.0,7.0,10.0,15.0,7.0
Q. Promes,26,83,84,30500000.0,28.0,2056,2.0,4.0,5.0,79.0,86.0,60.0,78.0,69.0,84.0,75.0,76.0,73.0,82.0,90.0,91.0,87.0,82.0,79.0,82.0,82.0,83.0,61.0,83.0,60.0,33.0,79.0,81.0,74.0,36.0,30.0,32.0,10.0,13.0,6.0,7.0,13.0
P. Kimpembe,22,83,89,30500000.0,82.0,1899,2.0,3.0,3.0,62.0,31.0,79.0,79.0,33.0,58.0,50.0,32.0,75.0,78.0,75.0,78.0,74.0,79.0,65.0,55.0,77.0,80.0,84.0,39.0,85.0,83.0,39.0,60.0,50.0,80.0,83.0,83.0,7.0,8.0,14.0,15.0,9.0
Lucas Vázquez,27,83,83,27000000.0,205.0,2048,2.0,4.0,4.0,86.0,73.0,52.0,83.0,54.0,82.0,82.0,75.0,75.0,83.0,84.0,79.0,79.0,85.0,84.0,82.0,68.0,90.0,57.0,80.0,65.0,44.0,81.0,83.0,56.0,42.0,50.0,44.0,9.0,16.0,9.0,9.0,7.0
S. Savić,27,83,86,26000000.0,67.0,1696,2.0,3.0,2.0,35.0,34.0,85.0,72.0,27.0,47.0,34.0,28.0,69.0,68.0,55.0,61.0,61.0,82.0,49.0,43.0,87.0,58.0,77.0,31.0,83.0,84.0,29.0,41.0,37.0,86.0,83.0,84.0,14.0,13.0,14.0,13.0,12.0
Danilo Pereira,26,83,86,27000000.0,21.0,2028,3.0,3.0,3.0,50.0,61.0,78.0,82.0,55.0,76.0,48.0,53.0,79.0,78.0,63.0,68.0,58.0,76.0,60.0,76.0,67.0,83.0,89.0,65.0,85.0,84.0,69.0,73.0,52.0,83.0,84.0,75.0,9.0,7.0,13.0,14.0,15.0
Y. Carrasco,24,83,86,33000000.0,20.0,2015,3.0,4.0,4.0,78.0,79.0,53.0,77.0,68.0,88.0,81.0,78.0,71.0,87.0,89.0,87.0,88.0,83.0,71.0,84.0,68.0,74.0,59.0,75.0,61.0,18.0,81.0,71.0,74.0,58.0,39.0,26.0,9.0,11.0,9.0,10.0,10.0
Lucas Moura,25,83,84,31000000.0,115.0,2075,3.0,3.0,4.0,75.0,78.0,50.0,77.0,70.0,88.0,69.0,74.0,74.0,81.0,94.0,90.0,94.0,76.0,90.0,79.0,77.0,75.0,59.0,76.0,72.0,50.0,80.0,74.0,74.0,31.0,43.0,51.0,9.0,10.0,14.0,7.0,14.0
Felipe Anderson,25,83,85,31500000.0,110.0,2042,3.0,4.0,4.0,79.0,71.0,44.0,80.0,68.0,90.0,71.0,69.0,74.0,88.0,93.0,89.0,89.0,74.0,88.0,83.0,38.0,72.0,53.0,84.0,67.0,69.0,73.0,79.0,53.0,47.0,60.0,54.0,12.0,10.0,9.0,5.0,7.0
Suso,24,83,86,33000000.0,115.0,1959,3.0,3.0,4.0,84.0,70.0,50.0,86.0,72.0,88.0,87.0,80.0,75.0,89.0,83.0,77.0,86.0,78.0,84.0,78.0,50.0,77.0,56.0,87.0,23.0,20.0,76.0,84.0,72.0,50.0,23.0,18.0,15.0,15.0,9.0,8.0,9.0
J. Stones,24,83,87,28500000.0,125.0,1858,2.0,4.0,3.0,62.0,29.0,83.0,81.0,27.0,69.0,47.0,29.0,74.0,80.0,67.0,71.0,61.0,82.0,59.0,46.0,75.0,79.0,77.0,38.0,79.0,81.0,48.0,67.0,44.0,85.0,85.0,82.0,7.0,15.0,11.0,10.0,8.0
J. Draxler,24,83,86,32500000.0,91.0,2112,3.0,5.0,4.0,83.0,78.0,65.0,84.0,84.0,88.0,78.0,76.0,79.0,89.0,78.0,77.0,80.0,83.0,75.0,86.0,75.0,69.0,66.0,82.0,48.0,66.0,79.0,84.0,63.0,39.0,64.0,44.0,11.0,13.0,5.0,13.0,8.0
J. Pickford,24,83,88,25000000.0,78.0,1435,1.0,4.0,1.0,17.0,19.0,15.0,55.0,20.0,14.0,18.0,16.0,55.0,40.0,53.0,44.0,55.0,83.0,55.0,31.0,72.0,45.0,70.0,13.0,30.0,24.0,18.0,68.0,41.0,16.0,20.0,12.0,83.0,78.0,88.0,81.0,86.0
S. Gnabry,22,83,88,34500000.0,85.0,2041,2.0,4.0,4.0,74.0,81.0,46.0,79.0,83.0,87.0,64.0,62.0,68.0,83.0,92.0,90.0,87.0,80.0,88.0,85.0,64.0,68.0,68.0,81.0,63.0,38.0,80.0,74.0,68.0,45.0,48.0,45.0,14.0,10.0,10.0,9.0,7.0
Manu Trigueros,26,83,84,30000000.0,49.0,2121,2.0,4.0,4.0,72.0,71.0,74.0,86.0,63.0,80.0,80.0,69.0,83.0,83.0,68.0,65.0,76.0,82.0,72.0,81.0,77.0,77.0,63.0,80.0,71.0,69.0,77.0,84.0,65.0,70.0,73.0,60.0,9.0,14.0,12.0,7.0,8.0
Kepa,23,83,91,28500000.0,84.0,1223,1.0,4.0,1.0,25.0,11.0,17.0,32.0,18.0,10.0,25.0,19.0,36.0,16.0,34.0,33.0,41.0,79.0,39.0,25.0,71.0,37.0,51.0,14.0,18.0,21.0,15.0,55.0,24.0,19.0,18.0,16.0,84.0,80.0,76.0,80.0,84.0
M. Kovačić,24,83,89,35000000.0,165.0,2115,3.0,4.0,4.0,73.0,62.0,42.0,87.0,76.0,88.0,78.0,68.0,82.0,89.0,84.0,74.0,81.0,70.0,85.0,79.0,63.0,82.0,65.0,75.0,77.0,78.0,69.0,88.0,59.0,69.0,75.0,63.0,9.0,5.0,6.0,7.0,7.0
Gerard Moreno,26,83,85,32000000.0,53.0,1967,1.0,4.0,4.0,61.0,83.0,80.0,78.0,79.0,78.0,71.0,56.0,56.0,81.0,77.0,80.0,70.0,82.0,69.0,81.0,72.0,72.0,74.0,77.0,55.0,40.0,83.0,58.0,73.0,43.0,41.0,41.0,15.0,12.0,7.0,12.0,10.0
Felipe,29,83,83,20000000.0,22.0,1788,3.0,3.0,2.0,45.0,39.0,81.0,74.0,44.0,57.0,32.0,30.0,67.0,62.0,60.0,67.0,52.0,77.0,57.0,46.0,90.0,78.0,86.0,41.0,92.0,81.0,34.0,50.0,47.0,85.0,85.0,79.0,9.0,11.0,14.0,9.0,7.0
A. Ramsey,27,82,83,25000000.0,130.0,2110,3.0,3.0,3.0,75.0,74.0,58.0,84.0,79.0,81.0,70.0,66.0,80.0,82.0,64.0,69.0,73.0,81.0,74.0,81.0,66.0,89.0,67.0,74.0,73.0,69.0,84.0,79.0,75.0,66.0,70.0,67.0,6.0,11.0,5.0,10.0,8.0
Taison,30,82,82,21000000.0,1.0,2055,2.0,3.0,4.0,73.0,76.0,56.0,77.0,82.0,87.0,52.0,73.0,75.0,85.0,93.0,91.0,90.0,79.0,83.0,83.0,62.0,79.0,62.0,83.0,56.0,49.0,74.0,79.0,72.0,38.0,53.0,40.0,7.0,7.0,11.0,15.0,13.0
S. Nzonzi,29,82,82,17000000.0,77.0,2006,2.0,3.0,2.0,59.0,64.0,79.0,79.0,55.0,72.0,73.0,42.0,77.0,81.0,44.0,55.0,36.0,81.0,31.0,79.0,75.0,86.0,92.0,66.0,87.0,84.0,70.0,77.0,57.0,81.0,80.0,76.0,7.0,16.0,16.0,16.0,13.0
Marlos,30,82,82,21000000.0,1.0,2075,2.0,4.0,5.0,76.0,79.0,53.0,81.0,68.0,87.0,82.0,72.0,73.0,88.0,85.0,82.0,92.0,77.0,84.0,77.0,68.0,78.0,62.0,78.0,58.0,51.0,77.0,82.0,80.0,45.0,49.0,42.0,6.0,13.0,13.0,8.0,9.0
A. Kolarov,32,82,82,12500000.0,73.0,2230,2.0,3.0,3.0,91.0,55.0,80.0,77.0,64.0,79.0,85.0,86.0,77.0,76.0,73.0,70.0,63.0,84.0,58.0,91.0,80.0,84.0,77.0,83.0,85.0,81.0,75.0,77.0,74.0,81.0,82.0,81.0,16.0,15.0,8.0,16.0,6.0
K. Trippier,27,82,82,18500000.0,99.0,2161,2.0,4.0,3.0,91.0,48.0,73.0,79.0,54.0,75.0,87.0,83.0,78.0,80.0,76.0,75.0,74.0,81.0,74.0,75.0,73.0,88.0,65.0,70.0,70.0,79.0,75.0,80.0,66.0,77.0,82.0,79.0,11.0,14.0,8.0,11.0,10.0
M. Arnautović,29,82,82,22000000.0,120.0,2106,3.0,4.0,4.0,80.0,78.0,74.0,78.0,79.0,84.0,79.0,72.0,74.0,85.0,79.0,83.0,70.0,78.0,66.0,84.0,67.0,78.0,84.0,75.0,84.0,44.0,83.0,77.0,77.0,43.0,48.0,39.0,14.0,15.0,10.0,10.0,15.0
G. Sigurðsson,28,82,82,22500000.0,125.0,2096,3.0,5.0,3.0,86.0,77.0,60.0,84.0,75.0,80.0,87.0,86.0,80.0,85.0,58.0,55.0,68.0,78.0,63.0,83.0,68.0,86.0,68.0,86.0,57.0,55.0,79.0,86.0,79.0,57.0,57.0,55.0,13.0,8.0,10.0,15.0,12.0
S. Giovinco,31,82,82,20000000.0,15.0,1957,2.0,4.0,4.0,72.0,80.0,34.0,80.0,75.0,86.0,90.0,93.0,76.0,86.0,88.0,80.0,94.0,80.0,91.0,80.0,34.0,77.0,42.0,81.0,75.0,26.0,82.0,81.0,73.0,23.0,29.0,28.0,6.0,3.0,6.0,3.0,3.0
G. Bonaventura,28,82,82,22000000.0,115.0,2207,3.0,3.0,4.0,82.0,70.0,70.0,84.0,78.0,83.0,78.0,78.0,80.0,85.0,75.0,77.0,77.0,82.0,77.0,84.0,69.0,84.0,66.0,86.0,68.0,72.0,78.0,82.0,68.0,74.0,72.0,68.0,10.0,14.0,7.0,15.0,14.0
R. Bürki,27,82,85,18500000.0,50.0,1245,3.0,2.0,1.0,15.0,8.0,17.0,37.0,13.0,12.0,13.0,12.0,24.0,23.0,44.0,54.0,49.0,79.0,52.0,22.0,74.0,36.0,74.0,14.0,35.0,18.0,10.0,50.0,20.0,11.0,13.0,16.0,86.0,78.0,73.0,77.0,86.0
Víctor Ruiz,29,82,83,19500000.0,43.0,1830,2.0,2.0,2.0,54.0,37.0,77.0,74.0,39.0,53.0,67.0,46.0,70.0,71.0,55.0,59.0,56.0,78.0,58.0,59.0,78.0,72.0,87.0,38.0,82.0,83.0,39.0,56.0,46.0,81.0,84.0,85.0,12.0,8.0,6.0,6.0,14.0
Pedro,30,82,82,21000000.0,140.0,1968,3.0,5.0,4.0,78.0,78.0,55.0,80.0,70.0,84.0,81.0,57.0,71.0,85.0,79.0,74.0,82.0,81.0,80.0,77.0,66.0,70.0,47.0,79.0,56.0,49.0,82.0,77.0,66.0,49.0,32.0,31.0,5.0,11.0,12.0,15.0,9.0
J. Pastore,29,82,82,21500000.0,84.0,2050,3.0,4.0,4.0,77.0,73.0,61.0,86.0,78.0,87.0,83.0,69.0,83.0,86.0,69.0,69.0,79.0,78.0,63.0,78.0,49.0,62.0,64.0,76.0,65.0,69.0,78.0,87.0,75.0,45.0,59.0,51.0,14.0,9.0,6.0,10.0,12.0
S. Mustafi,26,82,84,22500000.0,115.0,1914,3.0,3.0,2.0,53.0,58.0,81.0,77.0,51.0,53.0,55.0,47.0,69.0,70.0,58.0,65.0,63.0,82.0,67.0,66.0,83.0,68.0,78.0,52.0,82.0,82.0,50.0,55.0,54.0,80.0,82.0,82.0,11.0,9.0,15.0,10.0,6.0
M. Götze,26,82,85,27000000.0,67.0,2101,4.0,4.0,4.0,78.0,75.0,51.0,87.0,86.0,84.0,81.0,72.0,82.0,90.0,74.0,64.0,86.0,84.0,85.0,68.0,58.0,73.0,68.0,66.0,58.0,65.0,81.0,86.0,77.0,63.0,53.0,57.0,14.0,7.0,12.0,6.0,10.0
K. Casteels,26,82,85,19500000.0,46.0,1250,2.0,2.0,1.0,15.0,15.0,14.0,35.0,13.0,14.0,20.0,13.0,37.0,23.0,44.0,46.0,50.0,81.0,43.0,21.0,58.0,44.0,72.0,18.0,33.0,16.0,15.0,42.0,20.0,11.0,19.0,17.0,83.0,77.0,77.0,81.0,83.0
T. Delaney,26,82,83,21500000.0,61.0,2211,2.0,4.0,3.0,67.0,72.0,83.0,79.0,66.0,73.0,71.0,68.0,77.0,77.0,76.0,78.0,73.0,81.0,74.0,78.0,91.0,90.0,79.0,74.0,84.0,85.0,75.0,77.0,60.0,80.0,82.0,81.0,8.0,12.0,11.0,14.0,15.0
Mário Fernandes,27,82,82,18500000.0,1.0,2102,2.0,3.0,3.0,76.0,56.0,76.0,78.0,52.0,77.0,66.0,39.0,74.0,79.0,79.0,85.0,79.0,80.0,61.0,71.0,84.0,87.0,75.0,58.0,77.0,78.0,76.0,73.0,53.0,83.0,82.0,84.0,12.0,13.0,14.0,13.0,12.0
Willian José,26,82,83,26500000.0,44.0,1945,2.0,4.0,4.0,54.0,84.0,84.0,78.0,80.0,79.0,68.0,71.0,50.0,80.0,62.0,65.0,65.0,81.0,43.0,84.0,72.0,73.0,90.0,77.0,65.0,35.0,87.0,68.0,80.0,40.0,32.0,30.0,15.0,14.0,16.0,15.0,8.0
S. Coates,27,82,83,21000000.0,19.0,1714,3.0,3.0,2.0,17.0,42.0,80.0,72.0,39.0,64.0,39.0,19.0,70.0,62.0,46.0,64.0,32.0,75.0,30.0,50.0,54.0,81.0,94.0,30.0,83.0,80.0,49.0,50.0,65.0,84.0,85.0,85.0,16.0,13.0,15.0,16.0,13.0
J. Henderson,28,82,82,18000000.0,125.0,2163,2.0,3.0,3.0,81.0,67.0,65.0,84.0,72.0,73.0,80.0,74.0,84.0,80.0,67.0,66.0,70.0,80.0,70.0,77.0,79.0,91.0,72.0,71.0,77.0,80.0,75.0,83.0,64.0,77.0,79.0,76.0,7.0,13.0,7.0,9.0,13.0
N. Gaitán,30,82,82,21000000.0,22.0,2010,3.0,2.0,4.0,80.0,71.0,54.0,81.0,81.0,84.0,88.0,72.0,75.0,83.0,84.0,79.0,87.0,82.0,81.0,72.0,81.0,69.0,46.0,73.0,57.0,40.0,77.0,82.0,71.0,35.0,42.0,43.0,8.0,11.0,9.0,7.0,5.0
L. Biglia,32,82,82,12500000.0,98.0,2104,3.0,4.0,3.0,74.0,50.0,54.0,86.0,78.0,80.0,71.0,76.0,82.0,84.0,65.0,65.0,76.0,80.0,78.0,77.0,62.0,75.0,65.0,75.0,83.0,82.0,50.0,80.0,72.0,80.0,78.0,74.0,14.0,12.0,7.0,12.0,7.0
M. Kruse,30,82,82,21500000.0,45.0,2063,2.0,4.0,4.0,81.0,83.0,63.0,84.0,80.0,82.0,80.0,69.0,80.0,85.0,69.0,67.0,74.0,85.0,76.0,81.0,65.0,71.0,72.0,79.0,63.0,41.0,85.0,83.0,90.0,57.0,38.0,34.0,12.0,7.0,5.0,13.0,9.0
S. Sirigu,31,82,82,13500000.0,45.0,1213,3.0,2.0,1.0,13.0,10.0,11.0,23.0,12.0,15.0,11.0,11.0,28.0,18.0,50.0,51.0,52.0,75.0,55.0,20.0,68.0,34.0,66.0,14.0,34.0,20.0,10.0,55.0,19.0,14.0,11.0,13.0,84.0,76.0,76.0,83.0,81.0
Jonathan Viera,28,82,82,22500000.0,31.0,2152,2.0,4.0,4.0,75.0,78.0,41.0,84.0,65.0,84.0,80.0,76.0,78.0,82.0,86.0,76.0,89.0,81.0,92.0,70.0,88.0,79.0,67.0,79.0,56.0,73.0,72.0,84.0,74.0,56.0,68.0,55.0,16.0,16.0,9.0,14.0,9.0
Casillas,37,82,82,1500000.0,10.0,1308,4.0,2.0,1.0,13.0,12.0,25.0,21.0,14.0,25.0,25.0,13.0,22.0,23.0,59.0,57.0,62.0,77.0,46.0,28.0,77.0,43.0,70.0,13.0,23.0,22.0,16.0,65.0,24.0,24.0,11.0,13.0,87.0,74.0,58.0,82.0,84.0
P. Čech,36,82,82,3000000.0,60.0,1166,4.0,3.0,1.0,19.0,12.0,19.0,35.0,17.0,12.0,13.0,19.0,33.0,22.0,35.0,38.0,46.0,77.0,34.0,21.0,50.0,32.0,63.0,11.0,17.0,23.0,13.0,53.0,23.0,12.0,13.0,12.0,78.0,82.0,70.0,83.0,79.0
Aduriz,37,82,82,8000000.0,29.0,1973,3.0,3.0,3.0,54.0,83.0,92.0,72.0,80.0,76.0,61.0,54.0,52.0,82.0,64.0,66.0,50.0,85.0,55.0,82.0,90.0,60.0,82.0,78.0,82.0,23.0,87.0,73.0,82.0,58.0,44.0,49.0,14.0,10.0,9.0,15.0,9.0
David Villa,36,82,82,8000000.0,12.0,1993,3.0,5.0,4.0,71.0,86.0,67.0,76.0,79.0,83.0,83.0,80.0,67.0,85.0,72.0,67.0,71.0,83.0,73.0,81.0,67.0,70.0,66.0,79.0,67.0,29.0,86.0,75.0,88.0,30.0,28.0,38.0,8.0,9.0,9.0,11.0,9.0
Dani Alves,35,82,82,4800000.0,62.0,2197,4.0,3.0,4.0,85.0,61.0,72.0,81.0,68.0,84.0,80.0,74.0,79.0,86.0,77.0,79.0,84.0,77.0,87.0,86.0,80.0,74.0,55.0,78.0,78.0,79.0,74.0,78.0,70.0,72.0,79.0,82.0,5.0,11.0,9.0,6.0,7.0
A. Consigli,31,82,82,13500000.0,52.0,1180,2.0,3.0,1.0,10.0,10.0,10.0,31.0,19.0,10.0,15.0,15.0,27.0,23.0,48.0,34.0,57.0,75.0,40.0,24.0,80.0,31.0,51.0,19.0,11.0,15.0,10.0,46.0,21.0,10.0,17.0,19.0,82.0,83.0,72.0,82.0,83.0
L. Koscielny,32,82,82,12500000.0,115.0,1807,3.0,3.0,2.0,52.0,32.0,80.0,76.0,35.0,62.0,22.0,49.0,69.0,66.0,64.0,66.0,65.0,76.0,61.0,54.0,78.0,62.0,75.0,47.0,86.0,84.0,41.0,56.0,51.0,80.0,84.0,83.0,13.0,11.0,9.0,11.0,7.0
E. Viviano,32,82,82,12500000.0,15.0,1169,2.0,2.0,1.0,12.0,17.0,13.0,36.0,13.0,18.0,14.0,16.0,37.0,22.0,30.0,33.0,35.0,74.0,32.0,21.0,66.0,29.0,58.0,18.0,18.0,10.0,10.0,60.0,21.0,27.0,10.0,12.0,83.0,84.0,76.0,81.0,83.0
Jardel,32,82,82,12500000.0,17.0,1687,2.0,2.0,2.0,46.0,38.0,85.0,68.0,27.0,52.0,30.0,35.0,53.0,60.0,50.0,63.0,35.0,77.0,34.0,58.0,77.0,68.0,89.0,37.0,83.0,82.0,30.0,49.0,57.0,85.0,84.0,78.0,7.0,16.0,11.0,16.0,7.0
M. Parolo,33,82,82,9000000.0,59.0,2151,2.0,4.0,3.0,70.0,70.0,75.0,80.0,76.0,75.0,67.0,55.0,83.0,79.0,68.0,69.0,67.0,82.0,71.0,87.0,77.0,88.0,77.0,86.0,80.0,80.0,82.0,78.0,45.0,78.0,80.0,82.0,13.0,9.0,6.0,7.0,9.0
E. Garay,31,82,82,15000000.0,44.0,1896,3.0,3.0,2.0,62.0,58.0,80.0,69.0,49.0,60.0,55.0,74.0,72.0,73.0,34.0,36.0,54.0,76.0,34.0,80.0,76.0,62.0,88.0,64.0,77.0,83.0,42.0,63.0,69.0,82.0,83.0,81.0,14.0,6.0,13.0,13.0,14.0
A. Guardado,31,82,82,19000000.0,35.0,2146,3.0,2.0,4.0,73.0,60.0,55.0,85.0,69.0,80.0,78.0,81.0,83.0,84.0,74.0,73.0,81.0,82.0,88.0,74.0,74.0,84.0,57.0,72.0,72.0,73.0,70.0,83.0,70.0,75.0,75.0,73.0,7.0,10.0,10.0,11.0,10.0
Marcano,31,82,82,15000000.0,73.0,1827,3.0,3.0,2.0,49.0,43.0,83.0,76.0,34.0,54.0,39.0,37.0,67.0,67.0,67.0,69.0,58.0,78.0,56.0,65.0,91.0,78.0,77.0,42.0,82.0,82.0,30.0,48.0,45.0,85.0,84.0,80.0,8.0,16.0,7.0,14.0,16.0
O. Giroud,31,82,82,20000000.0,140.0,1927,3.0,3.0,3.0,64.0,83.0,90.0,79.0,82.0,70.0,70.0,65.0,58.0,83.0,43.0,50.0,57.0,83.0,54.0,85.0,84.0,62.0,88.0,74.0,76.0,42.0,83.0,76.0,83.0,37.0,37.0,20.0,12.0,15.0,11.0,6.0,5.0
F. Fazio,31,82,82,15000000.0,73.0,1633,3.0,2.0,2.0,44.0,41.0,89.0,64.0,35.0,48.0,46.0,37.0,62.0,72.0,36.0,43.0,29.0,84.0,32.0,63.0,41.0,74.0,91.0,26.0,84.0,85.0,32.0,47.0,26.0,85.0,85.0,78.0,8.0,9.0,12.0,11.0,14.0
G. Wijnaldum,27,82,82,23000000.0,130.0,2175,3.0,3.0,4.0,67.0,70.0,72.0,84.0,73.0,84.0,76.0,70.0,76.0,84.0,77.0,76.0,80.0,82.0,81.0,76.0,80.0,85.0,72.0,71.0,64.0,76.0,79.0,78.0,74.0,74.0,75.0,65.0,16.0,6.0,14.0,12.0,6.0
V. Ćorluka,32,82,82,12500000.0,1.0,1909,3.0,3.0,3.0,68.0,44.0,83.0,70.0,38.0,65.0,69.0,60.0,72.0,73.0,49.0,65.0,57.0,77.0,46.0,64.0,81.0,80.0,86.0,50.0,81.0,77.0,45.0,60.0,49.0,79.0,83.0,82.0,15.0,9.0,12.0,14.0,6.0
A. Rami,32,82,82,12500000.0,57.0,1793,3.0,3.0,2.0,36.0,45.0,77.0,66.0,45.0,56.0,43.0,55.0,68.0,68.0,52.0,67.0,54.0,75.0,54.0,77.0,76.0,84.0,91.0,58.0,83.0,83.0,24.0,44.0,48.0,81.0,83.0,79.0,5.0,3.0,5.0,5.0,3.0
L. Fejsa,29,82,82,17000000.0,18.0,1945,2.0,3.0,2.0,50.0,49.0,73.0,78.0,53.0,68.0,43.0,57.0,74.0,72.0,52.0,55.0,57.0,78.0,58.0,73.0,73.0,90.0,78.0,62.0,91.0,85.0,50.0,63.0,56.0,82.0,84.0,77.0,14.0,12.0,13.0,11.0,14.0
Bartra,27,82,83,21000000.0,32.0,2032,3.0,3.0,3.0,55.0,55.0,82.0,79.0,43.0,70.0,66.0,45.0,78.0,80.0,75.0,72.0,72.0,82.0,71.0,66.0,89.0,67.0,71.0,62.0,80.0,86.0,61.0,75.0,52.0,77.0,83.0,80.0,10.0,15.0,13.0,12.0,8.0
A. Robertson,24,82,87,24500000.0,98.0,2023,1.0,2.0,3.0,86.0,57.0,63.0,76.0,32.0,76.0,74.0,30.0,68.0,78.0,81.0,86.0,78.0,81.0,74.0,67.0,59.0,89.0,66.0,60.0,78.0,80.0,66.0,74.0,55.0,80.0,81.0,78.0,11.0,8.0,10.0,7.0,14.0
Luis Alberto,25,82,85,28500000.0,67.0,1941,2.0,3.0,4.0,76.0,80.0,49.0,88.0,76.0,86.0,86.0,81.0,87.0,88.0,77.0,72.0,79.0,83.0,74.0,77.0,54.0,73.0,67.0,77.0,29.0,28.0,81.0,87.0,56.0,44.0,25.0,18.0,6.0,8.0,6.0,12.0,11.0
L. Torreira,22,82,87,25000000.0,98.0,2111,2.0,3.0,3.0,74.0,50.0,55.0,83.0,65.0,78.0,66.0,76.0,77.0,81.0,81.0,74.0,83.0,79.0,93.0,78.0,52.0,85.0,66.0,74.0,85.0,87.0,65.0,74.0,48.0,84.0,84.0,75.0,5.0,5.0,13.0,7.0,9.0
D. Rugani,23,82,86,24500000.0,95.0,1705,2.0,3.0,2.0,40.0,33.0,80.0,65.0,35.0,64.0,45.0,25.0,59.0,65.0,56.0,67.0,59.0,78.0,53.0,58.0,81.0,67.0,79.0,39.0,72.0,86.0,28.0,50.0,36.0,87.0,86.0,82.0,5.0,10.0,5.0,5.0,5.0
J. Brandt,22,82,88,30500000.0,68.0,1905,2.0,4.0,4.0,77.0,78.0,42.0,82.0,66.0,87.0,72.0,59.0,69.0,85.0,78.0,84.0,82.0,80.0,78.0,80.0,63.0,73.0,69.0,78.0,42.0,29.0,78.0,83.0,54.0,38.0,20.0,24.0,11.0,16.0,11.0,8.0,9.0
F. Bernardeschi,24,82,87,29500000.0,110.0,2096,2.0,3.0,5.0,82.0,70.0,50.0,82.0,74.0,86.0,82.0,80.0,72.0,87.0,83.0,83.0,85.0,80.0,79.0,82.0,49.0,80.0,63.0,82.0,52.0,66.0,78.0,80.0,72.0,65.0,46.0,42.0,14.0,15.0,10.0,13.0,12.0
Dani García,28,82,83,20000000.0,33.0,1940,2.0,3.0,3.0,55.0,51.0,46.0,86.0,52.0,66.0,61.0,57.0,81.0,81.0,53.0,35.0,67.0,72.0,72.0,74.0,65.0,88.0,75.0,58.0,88.0,82.0,60.0,76.0,58.0,72.0,81.0,77.0,6.0,14.0,14.0,6.0,11.0
J. Pavlenka,26,82,85,19500000.0,30.0,1060,1.0,3.0,1.0,11.0,16.0,14.0,28.0,19.0,12.0,10.0,14.0,17.0,19.0,35.0,37.0,39.0,78.0,27.0,21.0,36.0,20.0,68.0,17.0,22.0,13.0,14.0,25.0,18.0,12.0,10.0,14.0,85.0,78.0,68.0,78.0,85.0
A. Kramarić,27,82,83,26000000.0,54.0,2013,2.0,4.0,4.0,75.0,86.0,69.0,79.0,84.0,87.0,79.0,74.0,53.0,86.0,78.0,72.0,82.0,81.0,82.0,82.0,69.0,76.0,68.0,80.0,73.0,21.0,84.0,66.0,88.0,35.0,20.0,26.0,8.0,14.0,14.0,7.0,15.0
C. Lenglet,23,82,88,26000000.0,135.0,1775,1.0,4.0,2.0,36.0,23.0,78.0,78.0,24.0,60.0,25.0,27.0,69.0,76.0,72.0,73.0,62.0,79.0,60.0,58.0,79.0,73.0,80.0,35.0,80.0,82.0,47.0,60.0,43.0,85.0,82.0,81.0,10.0,10.0,9.0,12.0,7.0
L. Hernández,22,82,88,25500000.0,53.0,1953,1.0,3.0,3.0,78.0,42.0,83.0,80.0,38.0,65.0,53.0,28.0,63.0,79.0,80.0,84.0,70.0,80.0,67.0,62.0,83.0,82.0,76.0,47.0,86.0,81.0,57.0,61.0,34.0,76.0,83.0,86.0,10.0,7.0,8.0,14.0,10.0
Malcom,21,82,89,31500000.0,140.0,1984,2.0,4.0,4.0,79.0,75.0,57.0,82.0,71.0,85.0,77.0,81.0,73.0,85.0,87.0,82.0,92.0,80.0,84.0,85.0,58.0,74.0,64.0,85.0,53.0,26.0,79.0,83.0,68.0,21.0,28.0,17.0,8.0,14.0,15.0,7.0,9.0
Gonçalo Guedes,21,82,86,29000000.0,36.0,2006,1.0,3.0,4.0,76.0,75.0,60.0,77.0,71.0,86.0,76.0,70.0,68.0,81.0,89.0,90.0,85.0,80.0,78.0,81.0,65.0,81.0,62.0,77.0,67.0,50.0,77.0,77.0,69.0,24.0,34.0,30.0,9.0,12.0,11.0,9.0,9.0
João Cancelo,24,82,88,25500000.0,95.0,2174,2.0,3.0,4.0,85.0,58.0,64.0,78.0,62.0,84.0,83.0,69.0,75.0,83.0,91.0,91.0,78.0,82.0,74.0,80.0,73.0,89.0,66.0,66.0,73.0,77.0,78.0,74.0,46.0,79.0,79.0,79.0,6.0,9.0,15.0,14.0,14.0
Gelson Martins,23,82,87,29500000.0,59.0,2023,3.0,3.0,5.0,81.0,66.0,51.0,78.0,74.0,85.0,82.0,60.0,55.0,83.0,95.0,94.0,94.0,83.0,92.0,72.0,65.0,87.0,48.0,69.0,60.0,43.0,82.0,79.0,66.0,54.0,46.0,36.0,12.0,9.0,7.0,6.0,9.0
Raphaelito Anjos,30,82,82,14000000.0,32.0,1191,1.0,2.0,1.0,10.0,8.0,11.0,18.0,8.0,9.0,9.0,18.0,16.0,21.0,41.0,42.0,34.0,82.0,41.0,21.0,67.0,29.0,79.0,7.0,34.0,23.0,27.0,71.0,14.0,20.0,17.0,13.0,79.0,84.0,77.0,83.0,78.0
Juiano Mestres,34,82,82,6500000.0,39.0,2003,1.0,3.0,2.0,40.0,56.0,83.0,67.0,63.0,60.0,72.0,58.0,58.0,64.0,68.0,74.0,61.0,78.0,63.0,74.0,91.0,76.0,79.0,61.0,86.0,82.0,58.0,50.0,62.0,77.0,85.0,84.0,18.0,12.0,14.0,11.0,18.0
Rosberto Dourado,30,82,82,16500000.0,46.0,2061,1.0,4.0,2.0,61.0,53.0,70.0,82.0,57.0,77.0,54.0,57.0,78.0,76.0,80.0,81.0,72.0,80.0,80.0,60.0,43.0,93.0,68.0,59.0,75.0,82.0,58.0,77.0,77.0,83.0,86.0,80.0,15.0,14.0,14.0,10.0,9.0
G. Donnarumma,19,82,93,29000000.0,23.0,1278,3.0,3.0,1.0,12.0,12.0,12.0,34.0,8.0,28.0,12.0,14.0,24.0,28.0,46.0,54.0,64.0,74.0,38.0,24.0,72.0,34.0,72.0,18.0,30.0,26.0,14.0,50.0,24.0,20.0,14.0,16.0,88.0,78.0,72.0,78.0,88.0
Arthur,21,82,90,32500000.0,125.0,2120,1.0,3.0,4.0,70.0,72.0,58.0,85.0,63.0,82.0,68.0,60.0,80.0,83.0,68.0,70.0,79.0,81.0,86.0,76.0,83.0,78.0,62.0,74.0,73.0,75.0,77.0,82.0,69.0,65.0,76.0,70.0,6.0,13.0,13.0,11.0,12.0
Rodri,22,82,87,29000000.0,59.0,2055,1.0,3.0,4.0,63.0,64.0,75.0,83.0,59.0,77.0,65.0,54.0,80.0,82.0,70.0,66.0,69.0,79.0,72.0,70.0,69.0,86.0,75.0,76.0,63.0,80.0,75.0,83.0,46.0,71.0,80.0,74.0,10.0,10.0,7.0,14.0,8.0
M. de Ligt,18,82,91,27000000.0,11.0,1937,2.0,4.0,2.0,57.0,53.0,81.0,75.0,40.0,65.0,48.0,55.0,72.0,73.0,62.0,72.0,56.0,77.0,59.0,79.0,80.0,74.0,87.0,64.0,79.0,79.0,44.0,63.0,40.0,84.0,84.0,79.0,12.0,11.0,11.0,12.0,10.0
W. Zaha,25,82,85,28500000.0,78.0,1930,2.0,3.0,5.0,81.0,77.0,47.0,75.0,61.0,90.0,57.0,51.0,65.0,87.0,89.0,92.0,88.0,77.0,82.0,78.0,57.0,76.0,75.0,68.0,73.0,23.0,78.0,77.0,66.0,22.0,29.0,28.0,15.0,10.0,15.0,11.0,10.0
Samu Castillejo,23,82,86,29000000.0,94.0,1968,2.0,2.0,4.0,81.0,77.0,43.0,80.0,58.0,85.0,78.0,75.0,77.0,83.0,85.0,86.0,83.0,82.0,78.0,78.0,63.0,55.0,50.0,73.0,48.0,50.0,81.0,81.0,59.0,45.0,43.0,25.0,13.0,16.0,15.0,8.0,14.0
Pau López,23,82,87,21500000.0,21.0,1319,1.0,3.0,1.0,24.0,19.0,15.0,38.0,17.0,18.0,23.0,21.0,41.0,16.0,45.0,52.0,40.0,74.0,57.0,21.0,68.0,42.0,52.0,18.0,39.0,16.0,20.0,62.0,25.0,19.0,20.0,11.0,81.0,82.0,79.0,83.0,81.0
A. Romagnoli,23,82,89,26500000.0,84.0,1750,2.0,3.0,2.0,36.0,30.0,76.0,70.0,28.0,65.0,36.0,24.0,69.0,69.0,63.0,69.0,60.0,78.0,53.0,64.0,78.0,75.0,81.0,46.0,84.0,85.0,31.0,40.0,34.0,88.0,85.0,81.0,9.0,14.0,12.0,8.0,9.0
H. Maguire,25,82,85,23500000.0,77.0,1853,1.0,3.0,2.0,44.0,43.0,87.0,77.0,41.0,70.0,38.0,46.0,72.0,76.0,39.0,53.0,52.0,79.0,58.0,68.0,74.0,68.0,89.0,45.0,84.0,78.0,60.0,60.0,44.0,81.0,84.0,81.0,14.0,16.0,9.0,14.0,9.0
T. Partey,25,82,88,25500000.0,59.0,2068,1.0,3.0,3.0,58.0,63.0,68.0,85.0,53.0,78.0,62.0,58.0,79.0,81.0,73.0,76.0,72.0,77.0,53.0,79.0,84.0,87.0,81.0,75.0,76.0,79.0,60.0,73.0,46.0,80.0,83.0,80.0,11.0,13.0,9.0,9.0,7.0
